centre_ra,centre_dec,v_sys,inclination,phi,turnover_radius,maximum_velocity,velocity_dispersion,log_likelihood,log_prior,log_posterior,weight
0,0,0,50,40,0.31,275,62.5,286332.9537,0,286332.9537,1
0,0,0,50,40,0.31,275,62.5,286332.9537,0,286332.9537,1
1e-06,0,0,50,40,0.31,275,62.5,286332.9471,0,286332.9471,1
0,1e-06,0,50,40,0.31,275,62.5,286332.9433,0,286332.9433,1
0,0,1e-06,50,40,0.31,275,62.5,286332.9538,0,286332.9538,1
0,0,0,50.000001,40,0.31,275,62.5,286332.9537,0,286332.9537,1
0,0,0,50,40.000001,0.31,275,62.5,286332.9537,0,286332.9537,1
0,0,0,50,40,0.310001,275,62.5,286332.9492,0,286332.9492,1
0,0,0,50,40,0.31,275.000001,62.5,286332.9537,0,286332.9537,1
0,0,0,50,40,0.31,275,62.500001,286332.9537,0,286332.9537,1
-0.2999994,-0.2999994,59.99988,79.99994,78.27456394,0.02000058,292.105951,54.82660046,278650.3623,0,278650.3623,1
-0.2999984,-0.2999994,59.99988,79.99994,78.27456394,0.02000058,292.105951,54.82660046,278650.3741,0,278650.3741,1
-0.2999994,-0.2999984,59.99988,79.99994,78.27456394,0.02000058,292.105951,54.82660046,278650.3576,0,278650.3576,1
-0.2999994,-0.2999994,59.999879,79.99994,78.27456394,0.02000058,292.105951,54.82660046,278650.3623,0,278650.3623,1
-0.2999994,-0.2999994,59.99988,79.999939,78.27456394,0.02000058,292.105951,54.82660046,278650.362,0,278650.362,1
-0.2999994,-0.2999994,59.99988,79.99994,78.27456494,0.02000058,292.105951,54.82660046,278650.3623,0,278650.3623,1
-0.2999994,-0.2999994,59.99988,79.99994,78.27456394,0.02000158,292.105951,54.82660046,278650.358,0,278650.358,1
-0.2999994,-0.2999994,59.99988,79.99994,78.27456394,0.02000058,292.105952,54.82660046,278650.3623,0,278650.3623,1
-0.2999994,-0.2999994,59.99988,79.99994,78.27456394,0.02000058,292.105951,54.82660146,278650.3623,0,278650.3623,1
-0.035027501,-0.035027501,7.005500201,53.5027501,44.46888336,0.2761400824,276.9972664,61.60406484,287083.6852,0,287083.6852,1
-0.035026501,-0.035027501,7.005500201,53.5027501,44.46888336,0.2761400824,276.9972664,61.60406484,287083.6874,0,287083.6874,1
-0.035027501,-0.035026501,7.005500201,53.5027501,44.46888336,0.2761400824,276.9972664,61.60406484,287083.6845,0,287083.6845,1
-0.035027501,-0.035027501,7.005501201,53.5027501,44.46888336,0.2761400824,276.9972664,61.60406484,287083.6852,0,287083.6852,1
-0.035027501,-0.035027501,7.005500201,53.5027511,44.46888336,0.2761400824,276.9972664,61.60406484,287083.6852,0,287083.6852,1
-0.035027501,-0.035027501,7.005500201,53.5027501,44.46888436,0.2761400824,276.9972664,61.60406484,287083.6852,0,287083.6852,1
-0.035027501,-0.035027501,7.005500201,53.5027501,44.46888336,0.2761410824,276.9972664,61.60406484,287083.681,0,287083.681,1
-0.035027501,-0.035027501,7.005500201,53.5027501,44.46888336,0.2761400824,276.9972674,61.60406484,287083.6852,0,287083.6852,1
-0.035027501,-0.035027501,7.005500201,53.5027501,44.46888336,0.2761400824,276.9972664,61.60406584,287083.6852,0,287083.6852,1
-0.02541936265,-0.04298972398,9.2611904,54.63071135,45.90776357,0.2392515591,277.6404205,61.31542669,287230.2065,0,287230.2065,1
-0.02541836265,-0.04298972398,9.2611904,54.63071135,45.90776357,0.2392515591,277.6404205,61.31542669,287230.2101,0,287230.2101,1
-0.02541936265,-0.04298872398,9.2611904,54.63071135,45.90776357,0.2392515591,277.6404205,61.31542669,287230.2076,0,287230.2076,1
-0.02541936265,-0.04298972398,9.2611914,54.63071135,45.90776357,0.2392515591,277.6404205,61.31542669,287230.2065,0,287230.2065,1
-0.02541936265,-0.04298972398,9.2611904,54.63071235,45.90776357,0.2392515591,277.6404205,61.31542669,287230.2065,0,287230.2065,1
-0.02541936265,-0.04298972398,9.2611904,54.63071135,45.90776457,0.2392515591,277.6404205,61.31542669,287230.2065,0,287230.2065,1
-0.02541936265,-0.04298972398,9.2611904,54.63071135,45.90776357,0.2392525591,277.6404205,61.31542669,287230.2041,0,287230.2041,1
-0.02541936265,-0.04298972398,9.2611904,54.63071135,45.90776357,0.2392515591,277.6404215,61.31542669,287230.2065,0,287230.2065,1
-0.02541936265,-0.04298972398,9.2611904,54.63071135,45.90776357,0.2392515591,277.6404205,61.31542769,287230.2064,0,287230.2064,1
0.02056307692,-0.05589374105,10.62069449,55.31063655,46.77478684,0.1787243131,278.0281136,61.14099473,287314.3312,0,287314.3312,1
0.02056407692,-0.05589374105,10.62069449,55.31063655,46.77478684,0.1787243131,278.0281136,61.14099473,287314.3302,0,287314.3302,1
0.02056307692,-0.05589274105,10.62069449,55.31063655,46.77478684,0.1787243131,278.0281136,61.14099473,287314.3295,0,287314.3295,1
0.02056307692,-0.05589374105,10.62069549,55.31063655,46.77478684,0.1787243131,278.0281136,61.14099473,287314.3312,0,287314.3312,1
0.02056307692,-0.05589374105,10.62069449,55.31063755,46.77478684,0.1787243131,278.0281136,61.14099473,287314.3311,0,287314.3311,1
0.02056307692,-0.05589374105,10.62069449,55.31063655,46.77478784,0.1787243131,278.0281136,61.14099473,287314.3311,0,287314.3311,1
0.02056307692,-0.05589374105,10.62069449,55.31063655,46.77478684,0.1787253131,278.0281136,61.14099473,287314.3335,0,287314.3335,1
0.02056307692,-0.05589374105,10.62069449,55.31063655,46.77478684,0.1787243131,278.0281146,61.14099473,287314.3312,0,287314.3312,1
0.02056307692,-0.05589374105,10.62069449,55.31063655,46.77478684,0.1787243131,278.0281136,61.14099573,287314.3311,0,287314.3311,1
0.01145261007,-0.05861168493,9.323106762,54.66173953,45.94700182,0.2058309518,277.6581261,61.30686868,287352.5202,0,287352.5202,1
0.01145361007,-0.05861168493,9.323106762,54.66173953,45.94700182,0.2058309518,277.6581261,61.30686868,287352.5206,0,287352.5206,1
0.01145261007,-0.05861068493,9.323106762,54.66173953,45.94700182,0.2058309518,277.6581261,61.30686868,287352.5193,0,287352.5193,1
0.01145261007,-0.05861168493,9.323107762,54.66173953,45.94700182,0.2058309518,277.6581261,61.30686868,287352.5202,0,287352.5202,1
0.01145261007,-0.05861168493,9.323106762,54.66174053,45.94700182,0.2058309518,277.6581261,61.30686868,287352.5202,0,287352.5202,1
0.01145261007,-0.05861168493,9.323106762,54.66173953,45.94700282,0.2058309518,277.6581261,61.30686868,287352.5202,0,287352.5202,1
0.01145261007,-0.05861168493,9.323106762,54.66173953,45.94700182,0.2058319518,277.6581261,61.30686868,287352.5198,0,287352.5198,1
0.01145261007,-0.05861168493,9.323106762,54.66173953,45.94700182,0.2058309518,277.6581271,61.30686868,287352.5202,0,287352.5202,1
0.01145261007,-0.05861168493,9.323106762,54.66173953,45.94700182,0.2058309518,277.6581261,61.30686968,287352.5201,0,287352.5201,1
0.01886716687,-0.06736855776,8.954132537,54.47720871,45.71147658,0.2038949545,277.552925,61.35366867,287363.0244,0,287363.0244,1
0.01886816687,-0.06736855776,8.954132537,54.47720871,45.71147658,0.2038949545,277.552925,61.35366867,287363.0246,0,287363.0246,1
0.01886716687,-0.06736755776,8.954132537,54.47720871,45.71147658,0.2038949545,277.552925,61.35366867,287363.0237,0,287363.0237,1
0.01886716687,-0.06736855776,8.954133537,54.47720871,45.71147658,0.2038949545,277.552925,61.35366867,287363.0244,0,287363.0244,1
0.01886716687,-0.06736855776,8.954132537,54.47720971,45.71147658,0.2038949545,277.552925,61.35366867,287363.0244,0,287363.0244,1
0.01886716687,-0.06736855776,8.954132537,54.47720871,45.71147758,0.2038949545,277.552925,61.35366867,287363.0244,0,287363.0244,1
0.01886716687,-0.06736855776,8.954132537,54.47720871,45.71147658,0.2038959545,277.552925,61.35366867,287363.0242,0,287363.0242,1
0.01886716687,-0.06736855776,8.954132537,54.47720871,45.71147658,0.2038949545,277.552926,61.35366867,287363.0244,0,287363.0244,1
0.01886716687,-0.06736855776,8.954132537,54.47720871,45.71147658,0.2038949545,277.552925,61.35366967,287363.0244,0,287363.0244,1
0.03644293322,-0.09507101303,7.055965646,53.52779265,44.49961063,0.1981980725,277.0116661,61.59379567,287378.3506,0,287378.3506,1
0.03644393322,-0.09507101303,7.055965646,53.52779265,44.49961063,0.1981980725,277.0116661,61.59379567,287378.351,0,287378.351,1
0.03644293322,-0.09507001303,7.055965646,53.52779265,44.49961063,0.1981980725,277.0116661,61.59379567,287378.351,0,287378.351,1
0.03644293322,-0.09507101303,7.055966646,53.52779265,44.49961063,0.1981980725,277.0116661,61.59379567,287378.3506,0,287378.3506,1
0.03644293322,-0.09507101303,7.055965646,53.52779365,44.49961063,0.1981980725,277.0116661,61.59379567,287378.3506,0,287378.3506,1
0.03644293322,-0.09507101303,7.055965646,53.52779265,44.49961163,0.1981980725,277.0116661,61.59379567,287378.3506,0,287378.3506,1
0.03644293322,-0.09507101303,7.055965646,53.52779265,44.49961063,0.1981990725,277.0116661,61.59379567,287378.3506,0,287378.3506,1
0.03644293322,-0.09507101303,7.055965646,53.52779265,44.49961063,0.1981980725,277.0116671,61.59379567,287378.3506,0,287378.3506,1
0.03644293322,-0.09507101303,7.055965646,53.52779265,44.49961063,0.1981980725,277.0116661,61.59379667,287378.3506,0,287378.3506,1
0.03836702276,-0.09607300563,6.624504879,53.31192504,44.2240185,0.1970094007,276.888612,61.64791306,287379.429,0,287379.429,1
0.03836802276,-0.09607300563,6.624504879,53.31192504,44.2240185,0.1970094007,276.888612,61.64791306,287379.429,0,287379.429,1
0.03836702276,-0.09607200563,6.624504879,53.31192504,44.2240185,0.1970094007,276.888612,61.64791306,287379.4291,0,287379.4291,1
0.03836702276,-0.09607300563,6.624505879,53.31192504,44.2240185,0.1970094007,276.888612,61.64791306,287379.429,0,287379.429,1
0.03836702276,-0.09607300563,6.624504879,53.31192604,44.2240185,0.1970094007,276.888612,61.64791306,287379.429,0,287379.429,1
0.03836702276,-0.09607300563,6.624504879,53.31192504,44.2240195,0.1970094007,276.888612,61.64791306,287379.429,0,287379.429,1
0.03836702276,-0.09607300563,6.624504879,53.31192504,44.2240185,0.1970104007,276.888612,61.64791306,287379.4289,0,287379.4289,1
0.03836702276,-0.09607300563,6.624504879,53.31192504,44.2240185,0.1970094007,276.888613,61.64791306,287379.429,0,287379.429,1
0.03836702276,-0.09607300563,6.624504879,53.31192504,44.2240185,0.1970094007,276.888612,61.64791406,287379.429,0,287379.429,1
0.03894365102,-0.0968592205,6.251698046,53.12537965,43.98583554,0.1956587861,276.7822784,61.69451164,287379.8303,0,287379.8303,1
0.03894465102,-0.0968592205,6.251698046,53.12537965,43.98583554,0.1956587861,276.7822784,61.69451164,287379.8301,0,287379.8301,1
0.03894365102,-0.0968582205,6.251698046,53.12537965,43.98583554,0.1956587861,276.7822784,61.69451164,287379.8303,0,287379.8303,1
0.03894365102,-0.0968592205,6.251699046,53.12537965,43.98583554,0.1956587861,276.7822784,61.69451164,287379.8303,0,287379.8303,1
0.03894365102,-0.0968592205,6.251698046,53.12538065,43.98583554,0.1956587861,276.7822784,61.69451164,287379.8303,0,287379.8303,1
0.03894365102,-0.0968592205,6.251698046,53.12537965,43.98583654,0.1956587861,276.7822784,61.69451164,287379.8303,0,287379.8303,1
0.03894365102,-0.0968592205,6.251698046,53.12537965,43.98583554,0.1956597861,276.7822784,61.69451164,287379.8303,0,287379.8303,1
0.03894365102,-0.0968592205,6.251698046,53.12537965,43.98583554,0.1956587861,276.7822794,61.69451164,287379.8303,0,287379.8303,1
0.03894365102,-0.0968592205,6.251698046,53.12537965,43.98583554,0.1956587861,276.7822784,61.69451264,287379.8303,0,287379.8303,1
0.03812506505,-0.09709845983,5.805278917,52.90196205,43.70054358,0.1940382389,276.6549362,61.75006063,287380.2361,0,287380.2361,1
0.03812606505,-0.09709845983,5.805278917,52.90196205,43.70054358,0.1940382389,276.6549362,61.75006063,287380.2358,0,287380.2358,1
0.03812506505,-0.09709745983,5.805278917,52.90196205,43.70054358,0.1940382389,276.6549362,61.75006063,287380.2359,0,287380.2359,1
0.03812506505,-0.09709845983,5.805279917,52.90196205,43.70054358,0.1940382389,276.6549362,61.75006063,287380.2361,0,287380.2361,1
0.03812506505,-0.09709845983,5.805278917,52.90196305,43.70054358,0.1940382389,276.6549362,61.75006063,287380.2361,0,287380.2361,1
0.03812506505,-0.09709845983,5.805278917,52.90196205,43.70054458,0.1940382389,276.6549362,61.75006063,287380.2361,0,287380.2361,1
0.03812506505,-0.09709845983,5.805278917,52.90196205,43.70054358,0.1940392389,276.6549362,61.75006063,287380.236,0,287380.236,1
0.03812506505,-0.09709845983,5.805278917,52.90196205,43.70054358,0.1940382389,276.6549372,61.75006063,287380.2361,0,287380.2361,1
0.03812506505,-0.09709845983,5.805278917,52.90196205,43.70054358,0.1940382389,276.6549362,61.75006163,287380.236,0,287380.236,1
0.03506932069,-0.09616093132,5.38742129,52.69257818,43.43299282,0.1924707155,276.5356571,61.80030462,287380.6476,0,287380.6476,1
0.03507032069,-0.09616093132,5.38742129,52.69257818,43.43299282,0.1924707155,276.5356571,61.80030462,287380.6475,0,287380.6475,1
0.03506932069,-0.09615993132,5.38742129,52.69257818,43.43299282,0.1924707155,276.5356571,61.80030462,287380.6475,0,287380.6475,1
0.03506932069,-0.09616093132,5.38742229,52.69257818,43.43299282,0.1924707155,276.5356571,61.80030462,287380.6476,0,287380.6476,1
0.03506932069,-0.09616093132,5.38742129,52.69257918,43.43299282,0.1924707155,276.5356571,61.80030462,287380.6476,0,287380.6476,1
0.03506932069,-0.09616093132,5.38742129,52.69257818,43.43299382,0.1924707155,276.5356571,61.80030462,287380.6475,0,287380.6475,1
0.03506932069,-0.09616093132,5.38742129,52.69257818,43.43299282,0.1924717155,276.5356571,61.80030462,287380.6476,0,287380.6476,1
0.03506932069,-0.09616093132,5.38742129,52.69257818,43.43299282,0.1924707155,276.5356581,61.80030462,287380.6476,0,287380.6476,1
0.03506932069,-0.09616093132,5.38742129,52.69257818,43.43299282,0.1924707155,276.5356571,61.80030562,287380.6475,0,287380.6475,1
0.0339317562,-0.09551581204,5.333376094,52.66535863,43.39811827,0.1924973423,276.5201844,61.80586862,287380.7022,0,287380.7022,1
0.0339327562,-0.09551581204,5.333376094,52.66535863,43.39811827,0.1924973423,276.5201844,61.80586862,287380.7022,0,287380.7022,1
0.0339317562,-0.09551481204,5.333376094,52.66535863,43.39811827,0.1924973423,276.5201844,61.80586862,287380.7022,0,287380.7022,1
0.0339317562,-0.09551581204,5.333377094,52.66535863,43.39811827,0.1924973423,276.5201844,61.80586862,287380.7022,0,287380.7022,1
0.0339317562,-0.09551581204,5.333376094,52.66535963,43.39811827,0.1924973423,276.5201844,61.80586862,287380.7022,0,287380.7022,1
0.0339317562,-0.09551581204,5.333376094,52.66535863,43.39811927,0.1924973423,276.5201844,61.80586862,287380.7022,0,287380.7022,1
0.0339317562,-0.09551581204,5.333376094,52.66535863,43.39811827,0.1924983423,276.5201844,61.80586862,287380.7022,0,287380.7022,1
0.0339317562,-0.09551581204,5.333376094,52.66535863,43.39811827,0.1924973423,276.5201854,61.80586862,287380.7022,0,287380.7022,1
0.0339317562,-0.09551581204,5.333376094,52.66535863,43.39811827,0.1924973423,276.5201844,61.80586962,287380.7021,0,287380.7021,1
0.03331084637,-0.09511480251,5.331985106,52.66445331,43.39681771,0.1926364159,276.519719,61.80461487,287380.7411,0,287380.7411,1
0.03331184637,-0.09511480251,5.331985106,52.66445331,43.39681771,0.1926364159,276.519719,61.80461487,287380.7411,0,287380.7411,1
0.03331084637,-0.09511380251,5.331985106,52.66445331,43.39681771,0.1926364159,276.519719,61.80461487,287380.7411,0,287380.7411,1
0.03331084637,-0.09511480251,5.331986106,52.66445331,43.39681771,0.1926364159,276.519719,61.80461487,287380.7411,0,287380.7411,1
0.03331084637,-0.09511480251,5.331985106,52.66445431,43.39681771,0.1926364159,276.519719,61.80461487,287380.7411,0,287380.7411,1
0.03331084637,-0.09511480251,5.331985106,52.66445331,43.39681871,0.1926364159,276.519719,61.80461487,287380.7411,0,287380.7411,1
0.03331084637,-0.09511480251,5.331985106,52.66445331,43.39681771,0.1926374159,276.519719,61.80461487,287380.7411,0,287380.7411,1
0.03331084637,-0.09511480251,5.331985106,52.66445331,43.39681771,0.1926364159,276.51972,61.80461487,287380.7411,0,287380.7411,1
0.03331084637,-0.09511480251,5.331985106,52.66445331,43.39681771,0.1926364159,276.519719,61.80461587,287380.741,0,287380.741,1
0.03225732897,-0.09440274865,5.34134573,52.668486,43.40151484,0.1929458205,276.5221754,61.79898863,287380.8438,0,287380.8438,1
0.03225832897,-0.09440274865,5.34134573,52.668486,43.40151484,0.1929458205,276.5221754,61.79898863,287380.844,0,287380.844,1
0.03225732897,-0.09440174865,5.34134573,52.668486,43.40151484,0.1929458205,276.5221754,61.79898863,287380.8439,0,287380.8439,1
0.03225732897,-0.09440274865,5.34134673,52.668486,43.40151484,0.1929458205,276.5221754,61.79898863,287380.8438,0,287380.8438,1
0.03225732897,-0.09440274865,5.34134573,52.668487,43.40151484,0.1929458205,276.5221754,61.79898863,287380.8438,0,287380.8438,1
0.03225732897,-0.09440274865,5.34134573,52.668486,43.40151584,0.1929458205,276.5221754,61.79898863,287380.8438,0,287380.8438,1
0.03225732897,-0.09440274865,5.34134573,52.668486,43.40151484,0.1929468205,276.5221754,61.79898863,287380.8438,0,287380.8438,1
0.03225732897,-0.09440274865,5.34134573,52.668486,43.40151484,0.1929458205,276.5221764,61.79898863,287380.8438,0,287380.8438,1
0.03225732897,-0.09440274865,5.34134573,52.668486,43.40151484,0.1929458205,276.5221754,61.79898963,287380.8438,0,287380.8438,1
0.03075765781,-0.0933908598,5.3577386,52.67503931,43.40873429,0.1933986709,276.5263101,61.78563193,287381.0853,0,287381.0853,1
0.03075865781,-0.0933908598,5.3577386,52.67503931,43.40873429,0.1933986709,276.5263101,61.78563193,287381.0855,0,287381.0855,1
0.03075765781,-0.0933898598,5.3577386,52.67503931,43.40873429,0.1933986709,276.5263101,61.78563193,287381.0854,0,287381.0854,1
0.03075765781,-0.0933908598,5.3577396,52.67503931,43.40873429,0.1933986709,276.5263101,61.78563193,287381.0853,0,287381.0853,1
0.03075765781,-0.0933908598,5.3577386,52.67504031,43.40873429,0.1933986709,276.5263101,61.78563193,287381.0853,0,287381.0853,1
0.03075765781,-0.0933908598,5.3577386,52.67503931,43.40873529,0.1933986709,276.5263101,61.78563193,287381.0853,0,287381.0853,1
0.03075765781,-0.0933908598,5.3577386,52.67503931,43.40873429,0.1933996709,276.5263101,61.78563193,287381.0852,0,287381.0852,1
0.03075765781,-0.0933908598,5.3577386,52.67503931,43.40873429,0.1933986709,276.5263111,61.78563193,287381.0853,0,287381.0853,1
0.03075765781,-0.0933908598,5.3577386,52.67503931,43.40873429,0.1933986709,276.5263101,61.78563293,287381.0853,0,287381.0853,1
0.02826353649,-0.09173088527,5.376720878,52.67983865,43.41158905,0.1942160277,276.5301833,61.75101653,287381.7425,0,287381.7425,1
0.02826453649,-0.09173088527,5.376720878,52.67983865,43.41158905,0.1942160277,276.5301833,61.75101653,287381.7428,0,287381.7428,1
0.02826353649,-0.09172988527,5.376720878,52.67983865,43.41158905,0.1942160277,276.5301833,61.75101653,287381.7427,0,287381.7427,1
0.02826353649,-0.09173088527,5.376721878,52.67983865,43.41158905,0.1942160277,276.5301833,61.75101653,287381.7425,0,287381.7425,1
0.02826353649,-0.09173088527,5.376720878,52.67983965,43.41158905,0.1942160277,276.5301833,61.75101653,287381.7425,0,287381.7425,1
0.02826353649,-0.09173088527,5.376720878,52.67983865,43.41159005,0.1942160277,276.5301833,61.75101653,287381.7425,0,287381.7425,1
0.02826353649,-0.09173088527,5.376720878,52.67983865,43.41158905,0.1942170277,276.5301833,61.75101653,287381.7424,0,287381.7424,1
0.02826353649,-0.09173088527,5.376720878,52.67983865,43.41158905,0.1942160277,276.5301843,61.75101653,287381.7425,0,287381.7425,1
0.02826353649,-0.09173088527,5.376720878,52.67983865,43.41158905,0.1942160277,276.5301833,61.75101753,287381.7424,0,287381.7424,1
0.02440228404,-0.08921657136,5.395620305,52.67700923,43.39941249,0.1954538138,276.5315446,61.66430444,287383.4178,0,287383.4178,1
0.02440328404,-0.08921657136,5.395620305,52.67700923,43.39941249,0.1954538138,276.5315446,61.66430444,287383.4184,0,287383.4184,1
0.02440228404,-0.08921557136,5.395620305,52.67700923,43.39941249,0.1954538138,276.5315446,61.66430444,287383.4181,0,287383.4181,1
0.02440228404,-0.08921657136,5.395621305,52.67700923,43.39941249,0.1954538138,276.5315446,61.66430444,287383.4178,0,287383.4178,1
0.02440228404,-0.08921657136,5.395620305,52.67701023,43.39941249,0.1954538138,276.5315446,61.66430444,287383.4178,0,287383.4178,1
0.02440228404,-0.08921657136,5.395620305,52.67700923,43.39941349,0.1954538138,276.5315446,61.66430444,287383.4178,0,287383.4178,1
0.02440228404,-0.08921657136,5.395620305,52.67700923,43.39941249,0.1954548138,276.5315446,61.66430444,287383.4176,0,287383.4176,1
0.02440228404,-0.08921657136,5.395620305,52.67700923,43.39941249,0.1954538138,276.5315456,61.66430444,287383.4178,0,287383.4178,1
0.02440228404,-0.08921657136,5.395620305,52.67700923,43.39941249,0.1954538138,276.5315446,61.66430544,287383.4178,0,287383.4178,1
0.01817456255,-0.0851989155,5.409836281,52.65120009,43.34350044,0.1972932979,276.5248024,61.43642679,287387.8357,0,287387.8357,1
0.01817556255,-0.0851989155,5.409836281,52.65120009,43.34350044,0.1972932979,276.5248024,61.43642679,287387.8367,0,287387.8367,1
0.01817456255,-0.0851979155,5.409836281,52.65120009,43.34350044,0.1972932979,276.5248024,61.43642679,287387.8362,0,287387.8362,1
0.01817456255,-0.0851989155,5.409837281,52.65120009,43.34350044,0.1972932979,276.5248024,61.43642679,287387.8357,0,287387.8357,1
0.01817456255,-0.0851989155,5.409836281,52.65120109,43.34350044,0.1972932979,276.5248024,61.43642679,287387.8357,0,287387.8357,1
0.01817456255,-0.0851989155,5.409836281,52.65120009,43.34350144,0.1972932979,276.5248024,61.43642679,287387.8357,0,287387.8357,1
0.01817456255,-0.0851989155,5.409836281,52.65120009,43.34350044,0.1972942979,276.5248024,61.43642679,287387.8353,0,287387.8353,1
0.01817456255,-0.0851989155,5.409836281,52.65120009,43.34350044,0.1972932979,276.5248034,61.43642679,287387.8357,0,287387.8357,1
0.01817456255,-0.0851989155,5.409836281,52.65120009,43.34350044,0.1972932979,276.5248024,61.43642779,287387.8357,0,287387.8357,1
0.008575397317,-0.07933799001,5.38207818,52.55149348,43.1563327,0.1996611515,276.4887417,60.85041777,287399.2297,0,287399.2297,1
0.008576397317,-0.07933799001,5.38207818,52.55149348,43.1563327,0.1996611515,276.4887417,60.85041777,287399.2314,0,287399.2314,1
0.008575397317,-0.07933699001,5.38207818,52.55149348,43.1563327,0.1996611515,276.4887417,60.85041777,287399.2305,0,287399.2305,1
0.008575397317,-0.07933799001,5.38207918,52.55149348,43.1563327,0.1996611515,276.4887417,60.85041777,287399.2297,0,287399.2297,1
0.008575397317,-0.07933799001,5.38207818,52.55149448,43.1563327,0.1996611515,276.4887417,60.85041777,287399.2297,0,287399.2297,1
0.008575397317,-0.07933799001,5.38207818,52.55149348,43.1563337,0.1996611515,276.4887417,60.85041777,287399.2297,0,287399.2297,1
0.008575397317,-0.07933799001,5.38207818,52.55149348,43.1563327,0.1996621515,276.4887417,60.85041777,287399.2291,0,287399.2291,1
0.008575397317,-0.07933799001,5.38207818,52.55149348,43.1563327,0.1996611515,276.4887427,60.85041777,287399.2297,0,287399.2297,1
0.008575397317,-0.07933799001,5.38207818,52.55149348,43.1563327,0.1996611515,276.4887417,60.85041877,287399.2297,0,287399.2297,1
-0.005657826602,-0.07128574559,5.213779314,52.24786565,42.61557907,0.2018156668,276.3687832,59.36412176,287427.9968,0,287427.9968,1
-0.005656826602,-0.07128574559,5.213779314,52.24786565,42.61557907,0.2018156668,276.3687832,59.36412176,287427.9994,0,287427.9994,1
-0.005657826602,-0.07128474559,5.213779314,52.24786565,42.61557907,0.2018156668,276.3687832,59.36412176,287427.998,0,287427.998,1
-0.005657826602,-0.07128574559,5.213780314,52.24786565,42.61557907,0.2018156668,276.3687832,59.36412176,287427.9968,0,287427.9968,1
-0.005657826602,-0.07128574559,5.213779314,52.24786665,42.61557907,0.2018156668,276.3687832,59.36412176,287427.9968,0,287427.9968,1
-0.005657826602,-0.07128574559,5.213779314,52.24786565,42.61558007,0.2018156668,276.3687832,59.36412176,287427.9968,0,287427.9968,1
-0.005657826602,-0.07128574559,5.213779314,52.24786565,42.61557907,0.2018166668,276.3687832,59.36412176,287427.9958,0,287427.9958,1
-0.005657826602,-0.07128574559,5.213779314,52.24786565,42.61557907,0.2018156668,276.3687842,59.36412176,287427.9968,0,287427.9968,1
-0.005657826602,-0.07128574559,5.213779314,52.24786565,42.61557907,0.2018156668,276.3687832,59.36412276,287427.9968,0,287427.9968,1
-0.02112608859,-0.06588907763,5.091120009,51.66828765,41.51399342,0.2017163254,276.1638571,55.81923161,287493.7398,0,287493.7398,1
-0.02112508859,-0.06588907763,5.091120009,51.66828765,41.51399342,0.2017163254,276.1638571,55.81923161,287493.7439,0,287493.7439,1
-0.02112608859,-0.06588807763,5.091120009,51.66828765,41.51399342,0.2017163254,276.1638571,55.81923161,287493.742,0,287493.742,1
-0.02112608859,-0.06588907763,5.091121009,51.66828765,41.51399342,0.2017163254,276.1638571,55.81923161,287493.7398,0,287493.7398,1
-0.02112608859,-0.06588907763,5.091120009,51.66828865,41.51399342,0.2017163254,276.1638571,55.81923161,287493.7398,0,287493.7398,1
-0.02112608859,-0.06588907763,5.091120009,51.66828765,41.51399442,0.2017163254,276.1638571,55.81923161,287493.7398,0,287493.7398,1
-0.02112608859,-0.06588907763,5.091120009,51.66828765,41.51399342,0.2017173254,276.1638571,55.81923161,287493.7382,0,287493.7382,1
-0.02112608859,-0.06588907763,5.091120009,51.66828765,41.51399342,0.2017163254,276.1638581,55.81923161,287493.7398,0,287493.7398,1
-0.02112608859,-0.06588907763,5.091120009,51.66828765,41.51399342,0.2017163254,276.1638571,55.81923261,287493.7397,0,287493.7397,1
-0.0360420242,-0.05400284236,4.204704199,50.23441132,38.99217421,0.1943233093,275.5862626,49.12601816,287600.8124,0,287600.8124,1
-0.0360410242,-0.05400284236,4.204704199,50.23441132,38.99217421,0.1943233093,275.5862626,49.12601816,287600.8167,0,287600.8167,1
-0.0360420242,-0.05400184236,4.204704199,50.23441132,38.99217421,0.1943233093,275.5862626,49.12601816,287600.8133,0,287600.8133,1
-0.0360420242,-0.05400284236,4.204705199,50.23441132,38.99217421,0.1943233093,275.5862626,49.12601816,287600.8124,0,287600.8124,1
-0.0360420242,-0.05400284236,4.204704199,50.23441232,38.99217421,0.1943233093,275.5862626,49.12601816,287600.8125,0,287600.8125,1
-0.0360420242,-0.05400284236,4.204704199,50.23441132,38.99217521,0.1943233093,275.5862626,49.12601816,287600.8124,0,287600.8124,1
-0.0360420242,-0.05400284236,4.204704199,50.23441132,38.99217421,0.1943243093,275.5862626,49.12601816,287600.8095,0,287600.8095,1
-0.0360420242,-0.05400284236,4.204704199,50.23441132,38.99217421,0.1943233093,275.5862636,49.12601816,287600.8125,0,287600.8125,1
-0.0360420242,-0.05400284236,4.204704199,50.23441132,38.99217421,0.1943233093,275.5862626,49.12601916,287600.8124,0,287600.8124,1
0.01738262866,-0.2128167125,1.183094391,45.55193546,30.80101943,0.1007304049,273.6846469,27.71887975,283648.4858,0,283648.4858,1
0.01738362866,-0.2128167125,1.183094391,45.55193546,30.80101943,0.1007304049,273.6846469,27.71887975,283648.5158,0,283648.5158,1
0.01738262866,-0.2128157125,1.183094391,45.55193546,30.80101943,0.1007304049,273.6846469,27.71887975,283648.5325,0,283648.5325,1
0.01738262866,-0.2128167125,1.183095391,45.55193546,30.80101943,0.1007304049,273.6846469,27.71887975,283648.4857,0,283648.4857,1
0.01738262866,-0.2128167125,1.183094391,45.55193646,30.80101943,0.1007304049,273.6846469,27.71887975,283648.4857,0,283648.4857,1
0.01738262866,-0.2128167125,1.183094391,45.55193546,30.80102043,0.1007304049,273.6846469,27.71887975,283648.4859,0,283648.4859,1
0.01738262866,-0.2128167125,1.183094391,45.55193546,30.80101943,0.1007314049,273.6846469,27.71887975,283648.5045,0,283648.5045,1
0.01738262866,-0.2128167125,1.183094391,45.55193546,30.80101943,0.1007304049,273.6846479,27.71887975,283648.4858,0,283648.4858,1
0.01738262866,-0.2128167125,1.183094391,45.55193546,30.80101943,0.1007304049,273.6846469,27.71888075,283648.4859,0,283648.4859,1
-0.03175398881,-0.06674975711,3.962180026,49.85858067,38.33472564,0.1868112402,275.4336328,47.40781201,287632.3373,0,287632.3373,1
-0.03175298881,-0.06674975711,3.962180026,49.85858067,38.33472564,0.1868112402,275.4336328,47.40781201,287632.3431,0,287632.3431,1
-0.03175398881,-0.06674875711,3.962180026,49.85858067,38.33472564,0.1868112402,275.4336328,47.40781201,287632.3407,0,287632.3407,1
-0.03175398881,-0.06674975711,3.962181026,49.85858067,38.33472564,0.1868112402,275.4336328,47.40781201,287632.3373,0,287632.3373,1
-0.03175398881,-0.06674975711,3.962180026,49.85858167,38.33472564,0.1868112402,275.4336328,47.40781201,287632.3373,0,287632.3373,1
-0.03175398881,-0.06674975711,3.962180026,49.85858067,38.33472664,0.1868112402,275.4336328,47.40781201,287632.3373,0,287632.3373,1
-0.03175398881,-0.06674975711,3.962180026,49.85858067,38.33472564,0.1868122402,275.4336328,47.40781201,287632.335,0,287632.335,1
-0.03175398881,-0.06674975711,3.962180026,49.85858067,38.33472564,0.1868112402,275.4336338,47.40781201,287632.3373,0,287632.3373,1
-0.03175398881,-0.06674975711,3.962180026,49.85858067,38.33472564,0.1868112402,275.4336328,47.40781301,287632.3373,0,287632.3373,1
-0.009764853337,-0.08132572374,3.068415106,48.78279601,36.52251355,0.1672625809,274.9725772,43.20064612,287756.2179,0,287756.2179,1
-0.009763853337,-0.08132572374,3.068415106,48.78279601,36.52251355,0.1672625809,274.9725772,43.20064612,287756.2226,0,287756.2226,1
-0.009764853337,-0.08132472374,3.068415106,48.78279601,36.52251355,0.1672625809,274.9725772,43.20064612,287756.2209,0,287756.2209,1
-0.009764853337,-0.08132572374,3.068416106,48.78279601,36.52251355,0.1672625809,274.9725772,43.20064612,287756.2179,0,287756.2179,1
-0.009764853337,-0.08132572374,3.068415106,48.78279701,36.52251355,0.1672625809,274.9725772,43.20064612,287756.2179,0,287756.2179,1
-0.009764853337,-0.08132572374,3.068415106,48.78279601,36.52251455,0.1672625809,274.9725772,43.20064612,287756.2179,0,287756.2179,1
-0.009764853337,-0.08132572374,3.068415106,48.78279601,36.52251355,0.1672635809,274.9725772,43.20064612,287756.2167,0,287756.2167,1
-0.009764853337,-0.08132572374,3.068415106,48.78279601,36.52251355,0.1672625809,274.9725782,43.20064612,287756.2179,0,287756.2179,1
-0.009764853337,-0.08132572374,3.068415106,48.78279601,36.52251355,0.1672625809,274.9725772,43.20064712,287756.2179,0,287756.2179,1
0.05336431135,-0.1164452044,2.486350622,48.2273813,35.62986355,0.1623363282,274.7198871,41.45963254,287842.5561,0,287842.5561,1
0.05336531135,-0.1164452044,2.486350622,48.2273813,35.62986355,0.1623363282,274.7198871,41.45963254,287842.5562,0,287842.5562,1
0.05336431135,-0.1164442044,2.486350622,48.2273813,35.62986355,0.1623363282,274.7198871,41.45963254,287842.5568,0,287842.5568,1
0.05336431135,-0.1164452044,2.486351622,48.2273813,35.62986355,0.1623363282,274.7198871,41.45963254,287842.5561,0,287842.5561,1
0.05336431135,-0.1164452044,2.486350622,48.2273823,35.62986355,0.1623363282,274.7198871,41.45963254,287842.5561,0,287842.5561,1
0.05336431135,-0.1164452044,2.486350622,48.2273813,35.62986455,0.1623363282,274.7198871,41.45963254,287842.5562,0,287842.5562,1
0.05336431135,-0.1164452044,2.486350622,48.2273813,35.62986355,0.1623373282,274.7198871,41.45963254,287842.5545,0,287842.5545,1
0.05336431135,-0.1164452044,2.486350622,48.2273813,35.62986355,0.1623363282,274.7198881,41.45963254,287842.5561,0,287842.5561,1
0.05336431135,-0.1164452044,2.486350622,48.2273813,35.62986355,0.1623363282,274.7198871,41.45963354,287842.5561,0,287842.5561,1
0.04429321094,-0.1069092035,2.716330255,48.46985051,36.02829761,0.153808985,274.8272569,42.30595322,287852.523,0,287852.523,1
0.04429421094,-0.1069092035,2.716330255,48.46985051,36.02829761,0.153808985,274.8272569,42.30595322,287852.523,0,287852.523,1
0.04429321094,-0.1069082035,2.716330255,48.46985051,36.02829761,0.153808985,274.8272569,42.30595322,287852.5227,0,287852.5227,1
0.04429321094,-0.1069092035,2.716331255,48.46985051,36.02829761,0.153808985,274.8272569,42.30595322,287852.523,0,287852.523,1
0.04429321094,-0.1069092035,2.716330255,48.46985151,36.02829761,0.153808985,274.8272569,42.30595322,287852.523,0,287852.523,1
0.04429321094,-0.1069092035,2.716330255,48.46985051,36.02829861,0.153808985,274.8272569,42.30595322,287852.5231,0,287852.5231,1
0.04429321094,-0.1069092035,2.716330255,48.46985051,36.02829761,0.153809985,274.8272569,42.30595322,287852.5235,0,287852.5235,1
0.04429321094,-0.1069092035,2.716330255,48.46985051,36.02829761,0.153808985,274.8272579,42.30595322,287852.523,0,287852.523,1
0.04429321094,-0.1069092035,2.716330255,48.46985051,36.02829761,0.153808985,274.8272569,42.30595422,287852.523,0,287852.523,1
0.04582462586,-0.1090037541,2.7932898,48.49527825,36.05177661,0.1559300224,274.844912,42.20673921,287854.8074,0,287854.8074,1
0.04582562586,-0.1090037541,2.7932898,48.49527825,36.05177661,0.1559300224,274.844912,42.20673921,287854.8075,0,287854.8075,1
0.04582462586,-0.1090027541,2.7932898,48.49527825,36.05177661,0.1559300224,274.844912,42.20673921,287854.8075,0,287854.8075,1
0.04582462586,-0.1090037541,2.7932908,48.49527825,36.05177661,0.1559300224,274.844912,42.20673921,287854.8074,0,287854.8074,1
0.04582462586,-0.1090037541,2.7932898,48.49527925,36.05177661,0.1559300224,274.844912,42.20673921,287854.8074,0,287854.8074,1
0.04582462586,-0.1090037541,2.7932898,48.49527825,36.05177761,0.1559300224,274.844912,42.20673921,287854.8074,0,287854.8074,1
0.04582462586,-0.1090037541,2.7932898,48.49527825,36.05177661,0.1559310224,274.844912,42.20673921,287854.8075,0,287854.8075,1
0.04582462586,-0.1090037541,2.7932898,48.49527825,36.05177661,0.1559300224,274.844913,42.20673921,287854.8074,0,287854.8074,1
0.04582462586,-0.1090037541,2.7932898,48.49527825,36.05177661,0.1559300224,274.844912,42.20674021,287854.8074,0,287854.8074,1
0.0476031198,-0.1105635607,3.049494676,48.58420705,36.13831282,0.1584973468,274.9050921,41.90564584,287858.5604,0,287858.5604,1
0.0476041198,-0.1105635607,3.049494676,48.58420705,36.13831282,0.1584973468,274.9050921,41.90564584,287858.5607,0,287858.5607,1
0.0476031198,-0.1105625607,3.049494676,48.58420705,36.13831282,0.1584973468,274.9050921,41.90564584,287858.5608,0,287858.5608,1
0.0476031198,-0.1105635607,3.049495676,48.58420705,36.13831282,0.1584973468,274.9050921,41.90564584,287858.5604,0,287858.5604,1
0.0476031198,-0.1105635607,3.049494676,48.58420805,36.13831282,0.1584973468,274.9050921,41.90564584,287858.5604,0,287858.5604,1
0.0476031198,-0.1105635607,3.049494676,48.58420705,36.13831382,0.1584973468,274.9050921,41.90564584,287858.5604,0,287858.5604,1
0.0476031198,-0.1105635607,3.049494676,48.58420705,36.13831282,0.1584983468,274.9050921,41.90564584,287858.5601,0,287858.5601,1
0.0476031198,-0.1105635607,3.049494676,48.58420705,36.13831282,0.1584973468,274.9050931,41.90564584,287858.5604,0,287858.5604,1
0.0476031198,-0.1105635607,3.049494676,48.58420705,36.13831282,0.1584973468,274.9050921,41.90564684,287858.5604,0,287858.5604,1
0.0501721368,-0.1117671562,3.995708508,48.98411408,36.59889709,0.163970838,275.1507933,41.28442356,287868.1789,0,287868.1789,1
0.0501731368,-0.1117671562,3.995708508,48.98411408,36.59889709,0.163970838,275.1507933,41.28442356,287868.1793,0,287868.1793,1
0.0501721368,-0.1117661562,3.995708508,48.98411408,36.59889709,0.163970838,275.1507933,41.28442356,287868.1798,0,287868.1798,1
0.0501721368,-0.1117671562,3.995709508,48.98411408,36.59889709,0.163970838,275.1507933,41.28442356,287868.1789,0,287868.1789,1
0.0501721368,-0.1117671562,3.995708508,48.98411508,36.59889709,0.163970838,275.1507933,41.28442356,287868.1789,0,287868.1789,1
0.0501721368,-0.1117671562,3.995708508,48.98411408,36.59889809,0.163970838,275.1507933,41.28442356,287868.1789,0,287868.1789,1
0.0501721368,-0.1117671562,3.995708508,48.98411408,36.59889709,0.163971838,275.1507933,41.28442356,287868.1779,0,287868.1779,1
0.0501721368,-0.1117671562,3.995708508,48.98411408,36.59889709,0.163970838,275.1507943,41.28442356,287868.1789,0,287868.1789,1
0.0501721368,-0.1117671562,3.995708508,48.98411408,36.59889709,0.163970838,275.1507933,41.28442456,287868.1789,0,287868.1789,1
0.05189584754,-0.1095370284,6.023506872,49.89132875,37.68499959,0.1720100183,275.6938088,40.29781475,287884.2268,0,287884.2268,1
0.05189684754,-0.1095370284,6.023506872,49.89132875,37.68499959,0.1720100183,275.6938088,40.29781475,287884.2274,0,287884.2274,1
0.05189584754,-0.1095360284,6.023506872,49.89132875,37.68499959,0.1720100183,275.6938088,40.29781475,287884.2282,0,287884.2282,1
0.05189584754,-0.1095370284,6.023507872,49.89132875,37.68499959,0.1720100183,275.6938088,40.29781475,287884.2268,0,287884.2268,1
0.05189584754,-0.1095370284,6.023506872,49.89132975,37.68499959,0.1720100183,275.6938088,40.29781475,287884.2268,0,287884.2268,1
0.05189584754,-0.1095370284,6.023506872,49.89132875,37.68500059,0.1720100183,275.6938088,40.29781475,287884.2268,0,287884.2268,1
0.05189584754,-0.1095370284,6.023506872,49.89132875,37.68499959,0.1720110183,275.6938088,40.29781475,287884.2253,0,287884.2253,1
0.05189584754,-0.1095370284,6.023506872,49.89132875,37.68499959,0.1720100183,275.6938098,40.29781475,287884.2268,0,287884.2268,1
0.05189584754,-0.1095370284,6.023506872,49.89132875,37.68499959,0.1720100183,275.6938088,40.29781575,287884.2268,0,287884.2268,1
0.05313360553,-0.103441338,8.691312961,51.12631513,39.19589367,0.1781246763,276.4217986,39.285084,287901.6189,0,287901.6189,1
0.05313460553,-0.103441338,8.691312961,51.12631513,39.19589367,0.1781246763,276.4217986,39.285084,287901.6194,0,287901.6194,1
0.05313360553,-0.103440338,8.691312961,51.12631513,39.19589367,0.1781246763,276.4217986,39.285084,287901.6201,0,287901.6201,1
0.05313360553,-0.103441338,8.691313961,51.12631513,39.19589367,0.1781246763,276.4217986,39.285084,287901.6189,0,287901.6189,1
0.05313360553,-0.103441338,8.691312961,51.12631613,39.19589367,0.1781246763,276.4217986,39.285084,287901.6189,0,287901.6189,1
0.05313360553,-0.103441338,8.691312961,51.12631513,39.19589467,0.1781246763,276.4217986,39.285084,287901.6189,0,287901.6189,1
0.05313360553,-0.103441338,8.691312961,51.12631513,39.19589367,0.1781256763,276.4217986,39.285084,287901.6175,0,287901.6175,1
0.05313360553,-0.103441338,8.691312961,51.12631513,39.19589367,0.1781246763,276.4217996,39.285084,287901.6189,0,287901.6189,1
0.05313360553,-0.103441338,8.691312961,51.12631513,39.19589367,0.1781246763,276.4217986,39.285085,287901.6189,0,287901.6189,1
0.05383210494,-0.09814201864,10.21092181,51.8330603,40.06590419,0.1768340459,276.8374955,38.74051527,287910.8311,0,287910.8311,1
0.05383310494,-0.09814201864,10.21092181,51.8330603,40.06590419,0.1768340459,276.8374955,38.74051527,287910.8311,0,287910.8311,1
0.05383210494,-0.09814101864,10.21092181,51.8330603,40.06590419,0.1768340459,276.8374955,38.74051527,287910.8315,0,287910.8315,1
0.05383210494,-0.09814201864,10.21092281,51.8330603,40.06590419,0.1768340459,276.8374955,38.74051527,287910.8311,0,287910.8311,1
0.05383210494,-0.09814201864,10.21092181,51.8330613,40.06590419,0.1768340459,276.8374955,38.74051527,287910.8311,0,287910.8311,1
0.05383210494,-0.09814201864,10.21092181,51.8330603,40.06590519,0.1768340459,276.8374955,38.74051527,287910.8311,0,287910.8311,1
0.05383210494,-0.09814201864,10.21092181,51.8330603,40.06590419,0.1768350459,276.8374955,38.74051527,287910.8305,0,287910.8305,1
0.05383210494,-0.09814201864,10.21092181,51.8330603,40.06590419,0.1768340459,276.8374965,38.74051527,287910.8311,0,287910.8311,1
0.05383210494,-0.09814201864,10.21092181,51.8330603,40.06590419,0.1768340459,276.8374955,38.74051627,287910.8311,0,287910.8311,1
0.04966000647,-0.09400609982,10.39933564,51.96183308,40.25600057,0.1750252427,276.9025162,38.95923278,287912.6778,0,287912.6778,1
0.04966100647,-0.09400609982,10.39933564,51.96183308,40.25600057,0.1750252427,276.9025162,38.95923278,287912.678,0,287912.678,1
0.04966000647,-0.09400509982,10.39933564,51.96183308,40.25600057,0.1750252427,276.9025162,38.95923278,287912.678,0,287912.678,1
0.04966000647,-0.09400609982,10.39933664,51.96183308,40.25600057,0.1750252427,276.9025162,38.95923278,287912.6778,0,287912.6778,1
0.04966000647,-0.09400609982,10.39933564,51.96183408,40.25600057,0.1750252427,276.9025162,38.95923278,287912.6778,0,287912.6778,1
0.04966000647,-0.09400609982,10.39933564,51.96183308,40.25600157,0.1750252427,276.9025162,38.95923278,287912.6778,0,287912.6778,1
0.04966000647,-0.09400609982,10.39933564,51.96183308,40.25600057,0.1750262427,276.9025162,38.95923278,287912.6778,0,287912.6778,1
0.04966000647,-0.09400609982,10.39933564,51.96183308,40.25600057,0.1750252427,276.9025172,38.95923278,287912.6778,0,287912.6778,1
0.04966000647,-0.09400609982,10.39933564,51.96183308,40.25600057,0.1750252427,276.9025162,38.95923378,287912.6778,0,287912.6778,1
0.04966010795,-0.09293155551,10.23138772,51.89528499,40.1833665,0.1748008441,276.8603522,39.10128645,287912.6207,0,287912.6207,1
0.04966110795,-0.09293155551,10.23138772,51.89528499,40.1833665,0.1748008441,276.8603522,39.10128645,287912.6205,0,287912.6205,1
0.04966010795,-0.09293055551,10.23138772,51.89528499,40.1833665,0.1748008441,276.8603522,39.10128645,287912.6204,0,287912.6204,1
0.04966010795,-0.09293155551,10.23138872,51.89528499,40.1833665,0.1748008441,276.8603522,39.10128645,287912.6207,0,287912.6207,1
0.04966010795,-0.09293155551,10.23138772,51.89528599,40.1833665,0.1748008441,276.8603522,39.10128645,287912.6207,0,287912.6207,1
0.04966010795,-0.09293155551,10.23138772,51.89528499,40.1833675,0.1748008441,276.8603522,39.10128645,287912.6207,0,287912.6207,1
0.04966010795,-0.09293155551,10.23138772,51.89528499,40.1833665,0.1748018441,276.8603522,39.10128645,287912.6206,0,287912.6206,1
0.04966010795,-0.09293155551,10.23138772,51.89528499,40.1833665,0.1748008441,276.8603532,39.10128645,287912.6207,0,287912.6207,1
0.04966010795,-0.09293155551,10.23138772,51.89528499,40.1833665,0.1748008441,276.8603522,39.10128745,287912.6207,0,287912.6207,1
0.0496600507,-0.09353781034,10.32614346,51.93283123,40.22434643,0.1749274492,276.884141,39.02114017,287912.7625,0,287912.7625,1
0.0496610507,-0.09353781034,10.32614346,51.93283123,40.22434643,0.1749274492,276.884141,39.02114017,287912.7624,0,287912.7624,1
0.0496600507,-0.09353681034,10.32614346,51.93283123,40.22434643,0.1749274492,276.884141,39.02114017,287912.7624,0,287912.7624,1
0.0496600507,-0.09353781034,10.32614446,51.93283123,40.22434643,0.1749274492,276.884141,39.02114017,287912.7625,0,287912.7625,1
0.0496600507,-0.09353781034,10.32614346,51.93283223,40.22434643,0.1749274492,276.884141,39.02114017,287912.7624,0,287912.7624,1
0.0496600507,-0.09353781034,10.32614346,51.93283123,40.22434743,0.1749274492,276.884141,39.02114017,287912.7625,0,287912.7625,1
0.0496600507,-0.09353781034,10.32614346,51.93283123,40.22434643,0.1749284492,276.884141,39.02114017,287912.7624,0,287912.7624,1
0.0496600507,-0.09353781034,10.32614346,51.93283123,40.22434643,0.1749274492,276.884142,39.02114017,287912.7625,0,287912.7625,1
0.0496600507,-0.09353781034,10.32614346,51.93283123,40.22434643,0.1749274492,276.884141,39.02114117,287912.7625,0,287912.7625,1
0.04958155377,-0.09377257552,10.2346447,51.89192487,40.17544038,0.1744297306,276.8596473,39.06602058,287912.7886,0,287912.7886,1
0.04958255377,-0.09377257552,10.2346447,51.89192487,40.17544038,0.1744297306,276.8596473,39.06602058,287912.7886,0,287912.7886,1
0.04958155377,-0.09377157552,10.2346447,51.89192487,40.17544038,0.1744297306,276.8596473,39.06602058,287912.7886,0,287912.7886,1
0.04958155377,-0.09377257552,10.2346457,51.89192487,40.17544038,0.1744297306,276.8596473,39.06602058,287912.7886,0,287912.7886,1
0.04958155377,-0.09377257552,10.2346447,51.89192587,40.17544038,0.1744297306,276.8596473,39.06602058,287912.7886,0,287912.7886,1
0.04958155377,-0.09377257552,10.2346447,51.89192487,40.17544138,0.1744297306,276.8596473,39.06602058,287912.7886,0,287912.7886,1
0.04958155377,-0.09377257552,10.2346447,51.89192487,40.17544038,0.1744307306,276.8596473,39.06602058,287912.7886,0,287912.7886,1
0.04958155377,-0.09377257552,10.2346447,51.89192487,40.17544038,0.1744297306,276.8596483,39.06602058,287912.7886,0,287912.7886,1
0.04958155377,-0.09377257552,10.2346447,51.89192487,40.17544038,0.1744297306,276.8596473,39.06602158,287912.7886,0,287912.7886,1
0.04958417384,-0.09383359643,10.21430427,51.88141551,40.16187291,0.1743171186,276.8537348,39.06668325,287912.7908,0,287912.7908,1
0.04958517384,-0.09383359643,10.21430427,51.88141551,40.16187291,0.1743171186,276.8537348,39.06668325,287912.7908,0,287912.7908,1
0.04958417384,-0.09383259643,10.21430427,51.88141551,40.16187291,0.1743171186,276.8537348,39.06668325,287912.7908,0,287912.7908,1
0.04958417384,-0.09383359643,10.21430527,51.88141551,40.16187291,0.1743171186,276.8537348,39.06668325,287912.7908,0,287912.7908,1
0.04958417384,-0.09383359643,10.21430427,51.88141651,40.16187291,0.1743171186,276.8537348,39.06668325,287912.7908,0,287912.7908,1
0.04958417384,-0.09383359643,10.21430427,51.88141551,40.16187391,0.1743171186,276.8537348,39.06668325,287912.7908,0,287912.7908,1
0.04958417384,-0.09383359643,10.21430427,51.88141551,40.16187291,0.1743181186,276.8537348,39.06668325,287912.7908,0,287912.7908,1
0.04958417384,-0.09383359643,10.21430427,51.88141551,40.16187291,0.1743171186,276.8537358,39.06668325,287912.7908,0,287912.7908,1
0.04958417384,-0.09383359643,10.21430427,51.88141551,40.16187291,0.1743171186,276.8537348,39.06668425,287912.7908,0,287912.7908,1
0.04952370373,-0.09384595493,10.19249627,51.86906287,40.14540004,0.1742135406,276.8470332,39.06083448,287912.7936,0,287912.7936,1
0.04952470373,-0.09384595493,10.19249627,51.86906287,40.14540004,0.1742135406,276.8470332,39.06083448,287912.7936,0,287912.7936,1
0.04952370373,-0.09384495493,10.19249627,51.86906287,40.14540004,0.1742135406,276.8470332,39.06083448,287912.7936,0,287912.7936,1
0.04952370373,-0.09384595493,10.19249727,51.86906287,40.14540004,0.1742135406,276.8470332,39.06083448,287912.7936,0,287912.7936,1
0.04952370373,-0.09384595493,10.19249627,51.86906387,40.14540004,0.1742135406,276.8470332,39.06083448,287912.7936,0,287912.7936,1
0.04952370373,-0.09384595493,10.19249627,51.86906287,40.14540104,0.1742135406,276.8470332,39.06083448,287912.7936,0,287912.7936,1
0.04952370373,-0.09384595493,10.19249627,51.86906287,40.14540004,0.1742145406,276.8470332,39.06083448,287912.7936,0,287912.7936,1
0.04952370373,-0.09384595493,10.19249627,51.86906287,40.14540004,0.1742135406,276.8470342,39.06083448,287912.7936,0,287912.7936,1
0.04952370373,-0.09384595493,10.19249627,51.86906287,40.14540004,0.1742135406,276.8470332,39.06083548,287912.7936,0,287912.7936,1
0.04948475776,-0.09382885319,10.18217145,51.85961785,40.13113782,0.1741303063,276.8426607,39.03600531,287912.7974,0,287912.7974,1
0.04948575776,-0.09382885319,10.18217145,51.85961785,40.13113782,0.1741303063,276.8426607,39.03600531,287912.7974,0,287912.7974,1
0.04948475776,-0.09382785319,10.18217145,51.85961785,40.13113782,0.1741303063,276.8426607,39.03600531,287912.7974,0,287912.7974,1
0.04948475776,-0.09382885319,10.18217245,51.85961785,40.13113782,0.1741303063,276.8426607,39.03600531,287912.7974,0,287912.7974,1
0.04948475776,-0.09382885319,10.18217145,51.85961885,40.13113782,0.1741303063,276.8426607,39.03600531,287912.7973,0,287912.7973,1
0.04948475776,-0.09382885319,10.18217145,51.85961785,40.13113882,0.1741303063,276.8426607,39.03600531,287912.7974,0,287912.7974,1
0.04948475776,-0.09382885319,10.18217145,51.85961785,40.13113782,0.1741313063,276.8426607,39.03600531,287912.7974,0,287912.7974,1
0.04948475776,-0.09382885319,10.18217145,51.85961785,40.13113782,0.1741303063,276.8426617,39.03600531,287912.7974,0,287912.7974,1
0.04948475776,-0.09382885319,10.18217145,51.85961785,40.13113782,0.1741303063,276.8426607,39.03600631,287912.7974,0,287912.7974,1
0.04922345371,-0.09363568053,10.17643779,51.8533551,40.12316627,0.1741234596,276.8398382,39.02332029,287912.8034,0,287912.8034,1
0.04922445371,-0.09363568053,10.17643779,51.8533551,40.12316627,0.1741234596,276.8398382,39.02332029,287912.8034,0,287912.8034,1
0.04922345371,-0.09363468053,10.17643779,51.8533551,40.12316627,0.1741234596,276.8398382,39.02332029,287912.8034,0,287912.8034,1
0.04922345371,-0.09363568053,10.17643879,51.8533551,40.12316627,0.1741234596,276.8398382,39.02332029,287912.8034,0,287912.8034,1
0.04922345371,-0.09363568053,10.17643779,51.8533561,40.12316627,0.1741234596,276.8398382,39.02332029,287912.8034,0,287912.8034,1
0.04922345371,-0.09363568053,10.17643779,51.8533551,40.12316727,0.1741234596,276.8398382,39.02332029,287912.8034,0,287912.8034,1
0.04922345371,-0.09363568053,10.17643779,51.8533551,40.12316627,0.1741244596,276.8398382,39.02332029,287912.8034,0,287912.8034,1
0.04922345371,-0.09363568053,10.17643779,51.8533551,40.12316627,0.1741234596,276.8398392,39.02332029,287912.8034,0,287912.8034,1
0.04922345371,-0.09363568053,10.17643779,51.8533551,40.12316627,0.1741234596,276.8398382,39.02332129,287912.8034,0,287912.8034,1
0.0491415261,-0.09352745275,10.18542113,51.85097849,40.11968475,0.1741319535,276.8400112,38.99296674,287912.8141,0,287912.8141,1
0.0491425261,-0.09352745275,10.18542113,51.85097849,40.11968475,0.1741319535,276.8400112,38.99296674,287912.8141,0,287912.8141,1
0.0491415261,-0.09352645275,10.18542113,51.85097849,40.11968475,0.1741319535,276.8400112,38.99296674,287912.8141,0,287912.8141,1
0.0491415261,-0.09352745275,10.18542213,51.85097849,40.11968475,0.1741319535,276.8400112,38.99296674,287912.8141,0,287912.8141,1
0.0491415261,-0.09352745275,10.18542113,51.85097949,40.11968475,0.1741319535,276.8400112,38.99296674,287912.8141,0,287912.8141,1
0.0491415261,-0.09352745275,10.18542113,51.85097849,40.11968575,0.1741319535,276.8400112,38.99296674,287912.8141,0,287912.8141,1
0.0491415261,-0.09352745275,10.18542113,51.85097849,40.11968475,0.1741329535,276.8400112,38.99296674,287912.8141,0,287912.8141,1
0.0491415261,-0.09352745275,10.18542113,51.85097849,40.11968475,0.1741319535,276.8400122,38.99296674,287912.8141,0,287912.8141,1
0.0491415261,-0.09352745275,10.18542113,51.85097849,40.11968475,0.1741319535,276.8400112,38.99296774,287912.8141,0,287912.8141,1
0.04896301375,-0.09321762599,10.22925023,51.85347871,40.12655537,0.1741598919,276.8456034,38.92516708,287912.8506,0,287912.8506,1
0.04896401375,-0.09321762599,10.22925023,51.85347871,40.12655537,0.1741598919,276.8456034,38.92516708,287912.8506,0,287912.8506,1
0.04896301375,-0.09321662599,10.22925023,51.85347871,40.12655537,0.1741598919,276.8456034,38.92516708,287912.8506,0,287912.8506,1
0.04896301375,-0.09321762599,10.22925123,51.85347871,40.12655537,0.1741598919,276.8456034,38.92516708,287912.8506,0,287912.8506,1
0.04896301375,-0.09321762599,10.22925023,51.85347971,40.12655537,0.1741598919,276.8456034,38.92516708,287912.8506,0,287912.8506,1
0.04896301375,-0.09321762599,10.22925023,51.85347871,40.12655637,0.1741598919,276.8456034,38.92516708,287912.8506,0,287912.8506,1
0.04896301375,-0.09321762599,10.22925023,51.85347871,40.12655537,0.1741608919,276.8456034,38.92516708,287912.8506,0,287912.8506,1
0.04896301375,-0.09321762599,10.22925023,51.85347871,40.12655537,0.1741598919,276.8456044,38.92516708,287912.8506,0,287912.8506,1
0.04896301375,-0.09321762599,10.22925023,51.85347871,40.12655537,0.1741598919,276.8456034,38.92516808,287912.8506,0,287912.8506,1
0.04879962759,-0.0928268614,10.30053126,51.85400053,40.1418579,0.174216051,276.8531902,38.83657264,287912.9277,0,287912.9277,1
0.04880062759,-0.0928268614,10.30053126,51.85400053,40.1418579,0.174216051,276.8531902,38.83657264,287912.9277,0,287912.9277,1
0.04879962759,-0.0928258614,10.30053126,51.85400053,40.1418579,0.174216051,276.8531902,38.83657264,287912.9276,0,287912.9276,1
0.04879962759,-0.0928268614,10.30053226,51.85400053,40.1418579,0.174216051,276.8531902,38.83657264,287912.9277,0,287912.9277,1
0.04879962759,-0.0928268614,10.30053126,51.85400153,40.1418579,0.174216051,276.8531902,38.83657264,287912.9277,0,287912.9277,1
0.04879962759,-0.0928268614,10.30053126,51.85400053,40.1418589,0.174216051,276.8531902,38.83657264,287912.9277,0,287912.9277,1
0.04879962759,-0.0928268614,10.30053126,51.85400053,40.1418579,0.174217051,276.8531902,38.83657264,287912.9276,0,287912.9276,1
0.04879962759,-0.0928268614,10.30053126,51.85400053,40.1418579,0.174216051,276.8531912,38.83657264,287912.9277,0,287912.9277,1
0.04879962759,-0.0928268614,10.30053126,51.85400053,40.1418579,0.174216051,276.8531902,38.83657364,287912.9277,0,287912.9277,1
0.04843469655,-0.09209385198,10.42686599,51.83073762,40.16582738,0.1743078503,276.8573199,38.69781475,287913.1409,0,287913.1409,1
0.04843569655,-0.09209385198,10.42686599,51.83073762,40.16582738,0.1743078503,276.8573199,38.69781475,287913.141,0,287913.141,1
0.04843469655,-0.09209285198,10.42686599,51.83073762,40.16582738,0.1743078503,276.8573199,38.69781475,287913.1408,0,287913.1408,1
0.04843469655,-0.09209385198,10.42686699,51.83073762,40.16582738,0.1743078503,276.8573199,38.69781475,287913.141,0,287913.141,1
0.04843469655,-0.09209385198,10.42686599,51.83073862,40.16582738,0.1743078503,276.8573199,38.69781475,287913.1409,0,287913.1409,1
0.04843469655,-0.09209385198,10.42686599,51.83073762,40.16582838,0.1743078503,276.8573199,38.69781475,287913.1409,0,287913.1409,1
0.04843469655,-0.09209385198,10.42686599,51.83073762,40.16582738,0.1743088503,276.8573199,38.69781475,287913.1409,0,287913.1409,1
0.04843469655,-0.09209385198,10.42686599,51.83073762,40.16582738,0.1743078503,276.8573209,38.69781475,287913.1409,0,287913.1409,1
0.04843469655,-0.09209385198,10.42686599,51.83073762,40.16582738,0.1743078503,276.8573199,38.69781575,287913.1409,0,287913.1409,1
0.04811606424,-0.09102923071,10.66225785,51.74433089,40.20592087,0.1741598046,276.8483948,38.47611155,287913.6751,0,287913.6751,1
0.04811706424,-0.09102923071,10.66225785,51.74433089,40.20592087,0.1741598046,276.8483948,38.47611155,287913.6751,0,287913.6751,1
0.04811606424,-0.09102823071,10.66225785,51.74433089,40.20592087,0.1741598046,276.8483948,38.47611155,287913.6749,0,287913.6749,1
0.04811606424,-0.09102923071,10.66225885,51.74433089,40.20592087,0.1741598046,276.8483948,38.47611155,287913.6751,0,287913.6751,1
0.04811606424,-0.09102923071,10.66225785,51.74433189,40.20592087,0.1741598046,276.8483948,38.47611155,287913.6751,0,287913.6751,1
0.04811606424,-0.09102923071,10.66225785,51.74433089,40.20592187,0.1741598046,276.8483948,38.47611155,287913.6751,0,287913.6751,1
0.04811606424,-0.09102923071,10.66225785,51.74433089,40.20592087,0.1741608046,276.8483948,38.47611155,287913.675,0,287913.675,1
0.04811606424,-0.09102923071,10.66225785,51.74433089,40.20592087,0.1741598046,276.8483958,38.47611155,287913.6751,0,287913.6751,1
0.04811606424,-0.09102923071,10.66225785,51.74433089,40.20592087,0.1741598046,276.8483948,38.47611255,287913.6751,0,287913.6751,1
0.04771493658,-0.08953390206,11.10559295,51.4592972,40.25921091,0.173401281,276.784672,38.1249554,287915.0337,0,287915.0337,1
0.04771593658,-0.08953390206,11.10559295,51.4592972,40.25921091,0.173401281,276.784672,38.1249554,287915.0338,0,287915.0338,1
0.04771493658,-0.08953290206,11.10559295,51.4592972,40.25921091,0.173401281,276.784672,38.1249554,287915.0335,0,287915.0335,1
0.04771493658,-0.08953390206,11.10559395,51.4592972,40.25921091,0.173401281,276.784672,38.1249554,287915.0337,0,287915.0337,1
0.04771493658,-0.08953390206,11.10559295,51.4592982,40.25921091,0.173401281,276.784672,38.1249554,287915.0337,0,287915.0337,1
0.04771493658,-0.08953390206,11.10559295,51.4592972,40.25921191,0.173401281,276.784672,38.1249554,287915.0337,0,287915.0337,1
0.04771493658,-0.08953390206,11.10559295,51.4592972,40.25921091,0.173402281,276.784672,38.1249554,287915.0334,0,287915.0334,1
0.04771493658,-0.08953390206,11.10559295,51.4592972,40.25921091,0.173401281,276.784673,38.1249554,287915.0337,0,287915.0337,1
0.04771493658,-0.08953390206,11.10559295,51.4592972,40.25921091,0.173401281,276.784672,38.1249564,287915.0337,0,287915.0337,1
0.04978424771,-0.07713580952,12.23763854,50.1769369,40.36678794,0.1669465322,276.4070026,37.82783916,287898.3849,0,287898.3849,1
0.04978524771,-0.07713580952,12.23763854,50.1769369,40.36678794,0.1669465322,276.4070026,37.82783916,287898.3819,0,287898.3819,1
0.04978424771,-0.07713480952,12.23763854,50.1769369,40.36678794,0.1669465322,276.4070026,37.82783916,287898.3807,0,287898.3807,1
0.04978424771,-0.07713580952,12.23763954,50.1769369,40.36678794,0.1669465322,276.4070026,37.82783916,287898.3849,0,287898.3849,1
0.04978424771,-0.07713580952,12.23763854,50.1769379,40.36678794,0.1669465322,276.4070026,37.82783916,287898.3849,0,287898.3849,1
0.04978424771,-0.07713580952,12.23763854,50.1769369,40.36678894,0.1669465322,276.4070026,37.82783916,287898.3849,0,287898.3849,1
0.04978424771,-0.07713580952,12.23763854,50.1769369,40.36678794,0.1669475322,276.4070026,37.82783916,287898.3847,0,287898.3847,1
0.04978424771,-0.07713580952,12.23763854,50.1769369,40.36678794,0.1669465322,276.4070036,37.82783916,287898.3849,0,287898.3849,1
0.04978424771,-0.07713580952,12.23763854,50.1769369,40.36678794,0.1669465322,276.4070026,37.82784016,287898.3849,0,287898.3849,1
0.04801372284,-0.08774375093,11.26904815,51.27413817,40.27474387,0.1724692848,276.7301406,38.08205502,287915.5221,0,287915.5221,1
0.04801472284,-0.08774375093,11.26904815,51.27413817,40.27474387,0.1724692848,276.7301406,38.08205502,287915.5217,0,287915.5217,1
0.04801372284,-0.08774275093,11.26904815,51.27413817,40.27474387,0.1724692848,276.7301406,38.08205502,287915.5213,0,287915.5213,1
0.04801372284,-0.08774375093,11.26904915,51.27413817,40.27474387,0.1724692848,276.7301406,38.08205502,287915.5221,0,287915.5221,1
0.04801372284,-0.08774375093,11.26904815,51.27413917,40.27474387,0.1724692848,276.7301406,38.08205502,287915.5221,0,287915.5221,1
0.04801372284,-0.08774375093,11.26904815,51.27413817,40.27474487,0.1724692848,276.7301406,38.08205502,287915.5221,0,287915.5221,1
0.04801372284,-0.08774375093,11.26904815,51.27413817,40.27474387,0.1724702848,276.7301406,38.08205502,287915.5218,0,287915.5218,1
0.04801372284,-0.08774375093,11.26904815,51.27413817,40.27474387,0.1724692848,276.7301416,38.08205502,287915.5221,0,287915.5221,1
0.04801372284,-0.08774375093,11.26904815,51.27413817,40.27474387,0.1724692848,276.7301406,38.08205602,287915.5221,0,287915.5221,1
0.04764238758,-0.0859212819,11.9955442,50.54981952,40.33533564,0.1698514106,276.5264231,37.72893191,287918.8458,0,287918.8458,1
0.04764338758,-0.0859212819,11.9955442,50.54981952,40.33533564,0.1698514106,276.5264231,37.72893191,287918.8456,0,287918.8456,1
0.04764238758,-0.0859202819,11.9955442,50.54981952,40.33533564,0.1698514106,276.5264231,37.72893191,287918.8451,0,287918.8451,1
0.04764238758,-0.0859212819,11.9955452,50.54981952,40.33533564,0.1698514106,276.5264231,37.72893191,287918.8458,0,287918.8458,1
0.04764238758,-0.0859212819,11.9955442,50.54982052,40.33533564,0.1698514106,276.5264231,37.72893191,287918.8458,0,287918.8458,1
0.04764238758,-0.0859212819,11.9955442,50.54981952,40.33533664,0.1698514106,276.5264231,37.72893191,287918.8458,0,287918.8458,1
0.04764238758,-0.0859212819,11.9955442,50.54981952,40.33533564,0.1698524106,276.5264231,37.72893191,287918.8453,0,287918.8453,1
0.04764238758,-0.0859212819,11.9955442,50.54981952,40.33533564,0.1698514106,276.5264241,37.72893191,287918.8458,0,287918.8458,1
0.04764238758,-0.0859212819,11.9955442,50.54981952,40.33533564,0.1698514106,276.5264231,37.72893291,287918.8458,0,287918.8458,1
0.04740605283,-0.08247508475,13.58688004,48.52688049,40.41889773,0.1592480788,275.9118656,37.31690503,287926.5644,0,287926.5644,1
0.04740705283,-0.08247508475,13.58688004,48.52688049,40.41889773,0.1592480788,275.9118656,37.31690503,287926.5645,0,287926.5645,1
0.04740605283,-0.08247408475,13.58688004,48.52688049,40.41889773,0.1592480788,275.9118656,37.31690503,287926.564,0,287926.564,1
0.04740605283,-0.08247508475,13.58688104,48.52688049,40.41889773,0.1592480788,275.9118656,37.31690503,287926.5644,0,287926.5644,1
0.04740605283,-0.08247508475,13.58688004,48.52688149,40.41889773,0.1592480788,275.9118656,37.31690503,287926.5644,0,287926.5644,1
0.04740605283,-0.08247508475,13.58688004,48.52688049,40.41889873,0.1592480788,275.9118656,37.31690503,287926.5644,0,287926.5644,1
0.04740605283,-0.08247508475,13.58688004,48.52688049,40.41889773,0.1592490788,275.9118656,37.31690503,287926.5639,0,287926.5639,1
0.04740605283,-0.08247508475,13.58688004,48.52688049,40.41889773,0.1592480788,275.9118666,37.31690503,287926.5644,0,287926.5644,1
0.04740605283,-0.08247508475,13.58688004,48.52688049,40.41889773,0.1592480788,275.9118656,37.31690603,287926.5644,0,287926.5644,1
0.05389036686,-0.08527265125,14.74729195,45.99073412,40.46068155,0.1548053551,275.0513377,38.30988415,287925.0633,0,287925.0633,1
0.05389136686,-0.08527265125,14.74729195,45.99073412,40.46068155,0.1548053551,275.0513377,38.30988415,287925.0633,0,287925.0633,1
0.05389036686,-0.08527165125,14.74729195,45.99073412,40.46068155,0.1548053551,275.0513377,38.30988415,287925.0633,0,287925.0633,1
0.05389036686,-0.08527265125,14.74729295,45.99073412,40.46068155,0.1548053551,275.0513377,38.30988415,287925.0633,0,287925.0633,1
0.05389036686,-0.08527265125,14.74729195,45.99073512,40.46068155,0.1548053551,275.0513377,38.30988415,287925.0633,0,287925.0633,1
0.05389036686,-0.08527265125,14.74729195,45.99073412,40.46068255,0.1548053551,275.0513377,38.30988415,287925.0633,0,287925.0633,1
0.05389036686,-0.08527265125,14.74729195,45.99073412,40.46068155,0.1548063551,275.0513377,38.30988415,287925.0609,0,287925.0609,1
0.05389036686,-0.08527265125,14.74729195,45.99073412,40.46068155,0.1548053551,275.0513387,38.30988415,287925.0633,0,287925.0633,1
0.05389036686,-0.08527265125,14.74729195,45.99073412,40.46068155,0.1548053551,275.0513377,38.30988515,287925.0633,0,287925.0633,1
0.05038143781,-0.08375877295,14.11934534,47.36314724,40.43807061,0.1572094957,275.5170047,37.7725423,287929.9415,0,287929.9415,1
0.05038243781,-0.08375877295,14.11934534,47.36314724,40.43807061,0.1572094957,275.5170047,37.7725423,287929.9415,0,287929.9415,1
0.05038143781,-0.08375777295,14.11934534,47.36314724,40.43807061,0.1572094957,275.5170047,37.7725423,287929.9412,0,287929.9412,1
0.05038143781,-0.08375877295,14.11934634,47.36314724,40.43807061,0.1572094957,275.5170047,37.7725423,287929.9415,0,287929.9415,1
0.05038143781,-0.08375877295,14.11934534,47.36314824,40.43807061,0.1572094957,275.5170047,37.7725423,287929.9415,0,287929.9415,1
0.05038143781,-0.08375877295,14.11934534,47.36314724,40.43807161,0.1572094957,275.5170047,37.7725423,287929.9415,0,287929.9415,1
0.05038143781,-0.08375877295,14.11934534,47.36314724,40.43807061,0.1572104957,275.5170047,37.7725423,287929.9401,0,287929.9401,1
0.05038143781,-0.08375877295,14.11934534,47.36314724,40.43807061,0.1572094957,275.5170057,37.7725423,287929.9415,0,287929.9415,1
0.05038143781,-0.08375877295,14.11934534,47.36314724,40.43807061,0.1572094957,275.5170047,37.7725433,287929.9415,0,287929.9415,1
0.05198902838,-0.08472187511,14.54768322,46.06191073,40.3933214,0.1470080095,275.0591174,38.36285955,287937.5747,0,287937.5747,1
0.05199002838,-0.08472187511,14.54768322,46.06191073,40.3933214,0.1470080095,275.0591174,38.36285955,287937.5749,0,287937.5749,1
0.05198902838,-0.08472087511,14.54768322,46.06191073,40.3933214,0.1470080095,275.0591174,38.36285955,287937.5748,0,287937.5748,1
0.05198902838,-0.08472187511,14.54768422,46.06191073,40.3933214,0.1470080095,275.0591174,38.36285955,287937.5747,0,287937.5747,1
0.05198902838,-0.08472187511,14.54768322,46.06191173,40.3933214,0.1470080095,275.0591174,38.36285955,287937.5747,0,287937.5747,1
0.05198902838,-0.08472187511,14.54768322,46.06191073,40.3933224,0.1470080095,275.0591174,38.36285955,287937.5747,0,287937.5747,1
0.05198902838,-0.08472187511,14.54768322,46.06191073,40.3933214,0.1470090095,275.0591174,38.36285955,287937.5741,0,287937.5741,1
0.05198902838,-0.08472187511,14.54768322,46.06191073,40.3933214,0.1470080095,275.0591184,38.36285955,287937.5747,0,287937.5747,1
0.05198902838,-0.08472187511,14.54768322,46.06191073,40.3933214,0.1470080095,275.0591174,38.36286055,287937.5747,0,287937.5747,1
0.05434507831,-0.08766904882,14.11517933,45.63828633,40.28252361,0.1421678455,274.8499699,39.37032683,287940.8368,0,287940.8368,1
0.05434607831,-0.08766904882,14.11517933,45.63828633,40.28252361,0.1421678455,274.8499699,39.37032683,287940.8369,0,287940.8369,1
0.05434507831,-0.08766804882,14.11517933,45.63828633,40.28252361,0.1421678455,274.8499699,39.37032683,287940.8369,0,287940.8369,1
0.05434507831,-0.08766904882,14.11518033,45.63828633,40.28252361,0.1421678455,274.8499699,39.37032683,287940.8368,0,287940.8368,1
0.05434507831,-0.08766904882,14.11517933,45.63828733,40.28252361,0.1421678455,274.8499699,39.37032683,287940.8368,0,287940.8368,1
0.05434507831,-0.08766904882,14.11517933,45.63828633,40.28252461,0.1421678455,274.8499699,39.37032683,287940.8368,0,287940.8368,1
0.05434507831,-0.08766904882,14.11517933,45.63828633,40.28252361,0.1421688455,274.8499699,39.37032683,287940.8368,0,287940.8368,1
0.05434507831,-0.08766904882,14.11517933,45.63828633,40.28252361,0.1421678455,274.8499709,39.37032683,287940.8368,0,287940.8368,1
0.05434507831,-0.08766904882,14.11517933,45.63828633,40.28252361,0.1421678455,274.8499699,39.37032783,287940.8368,0,287940.8368,1
0.05461972155,-0.08755290407,14.13216304,45.49764099,40.27613155,0.1415905919,274.7972909,39.48989011,287940.8842,0,287940.8842,1
0.05462072155,-0.08755290407,14.13216304,45.49764099,40.27613155,0.1415905919,274.7972909,39.48989011,287940.8842,0,287940.8842,1
0.05461972155,-0.08755190407,14.13216304,45.49764099,40.27613155,0.1415905919,274.7972909,39.48989011,287940.8842,0,287940.8842,1
0.05461972155,-0.08755290407,14.13216404,45.49764099,40.27613155,0.1415905919,274.7972909,39.48989011,287940.8842,0,287940.8842,1
0.05461972155,-0.08755290407,14.13216304,45.49764199,40.27613155,0.1415905919,274.7972909,39.48989011,287940.8842,0,287940.8842,1
0.05461972155,-0.08755290407,14.13216304,45.49764099,40.27613255,0.1415905919,274.7972909,39.48989011,287940.8842,0,287940.8842,1
0.05461972155,-0.08755290407,14.13216304,45.49764099,40.27613155,0.1415915919,274.7972909,39.48989011,287940.8842,0,287940.8842,1
0.05461972155,-0.08755290407,14.13216304,45.49764099,40.27613155,0.1415905919,274.7972919,39.48989011,287940.8842,0,287940.8842,1
0.05461972155,-0.08755290407,14.13216304,45.49764099,40.27613155,0.1415905919,274.7972909,39.48989111,287940.8842,0,287940.8842,1
0.05457308574,-0.08756151738,14.11264821,45.52238094,40.27482445,0.1416969663,274.804808,39.49387652,287940.8853,0,287940.8853,1
0.05457408574,-0.08756151738,14.11264821,45.52238094,40.27482445,0.1416969663,274.804808,39.49387652,287940.8853,0,287940.8853,1
0.05457308574,-0.08756051738,14.11264821,45.52238094,40.27482445,0.1416969663,274.804808,39.49387652,287940.8853,0,287940.8853,1
0.05457308574,-0.08756151738,14.11264921,45.52238094,40.27482445,0.1416969663,274.804808,39.49387652,287940.8853,0,287940.8853,1
0.05457308574,-0.08756151738,14.11264821,45.52238194,40.27482445,0.1416969663,274.804808,39.49387652,287940.8853,0,287940.8853,1
0.05457308574,-0.08756151738,14.11264821,45.52238094,40.27482545,0.1416969663,274.804808,39.49387652,287940.8853,0,287940.8853,1
0.05457308574,-0.08756151738,14.11264821,45.52238094,40.27482445,0.1416979663,274.804808,39.49387652,287940.8853,0,287940.8853,1
0.05457308574,-0.08756151738,14.11264821,45.52238094,40.27482445,0.1416969663,274.804809,39.49387652,287940.8853,0,287940.8853,1
0.05457308574,-0.08756151738,14.11264821,45.52238094,40.27482445,0.1416969663,274.804808,39.49387752,287940.8853,0,287940.8853,1
0.05444717674,-0.08747651578,14.10905602,45.52205533,40.27432141,0.1417113993,274.8042917,39.49990026,287940.8858,0,287940.8858,1
0.05444817674,-0.08747651578,14.10905602,45.52205533,40.27432141,0.1417113993,274.8042917,39.49990026,287940.8858,0,287940.8858,1
0.05444717674,-0.08747551578,14.10905602,45.52205533,40.27432141,0.1417113993,274.8042917,39.49990026,287940.8858,0,287940.8858,1
0.05444717674,-0.08747651578,14.10905702,45.52205533,40.27432141,0.1417113993,274.8042917,39.49990026,287940.8858,0,287940.8858,1
0.05444717674,-0.08747651578,14.10905602,45.52205633,40.27432141,0.1417113993,274.8042917,39.49990026,287940.8858,0,287940.8858,1
0.05444717674,-0.08747651578,14.10905602,45.52205533,40.27432241,0.1417113993,274.8042917,39.49990026,287940.8858,0,287940.8858,1
0.05444717674,-0.08747651578,14.10905602,45.52205533,40.27432141,0.1417123993,274.8042917,39.49990026,287940.8858,0,287940.8858,1
0.05444717674,-0.08747651578,14.10905602,45.52205533,40.27432141,0.1417113993,274.8042927,39.49990026,287940.8858,0,287940.8858,1
0.05444717674,-0.08747651578,14.10905602,45.52205533,40.27432141,0.1417113993,274.8042917,39.49990126,287940.8858,0,287940.8858,1
0.05444717674,-0.08747651578,14.10905602,45.52205533,40.27432141,0.1417113993,274.8042917,39.49990026,287940.8858,0,287940.8858,1
