2.909949304904775816e-07,3.162405122176858355e-08,6.818237637617841171e-05,2.320465381806033772e-08,1.467541825354385271e-08,2.460670194499004566e-06,8.727311047005531986e-07,3.358031267633149634e-08,1.185333744996256176e-05,-1.392839582509061550e-06
3.162405122176857693e-08,2.953601623614816048e-07,8.270907294844669164e-05,8.176433050284066852e-08,5.041299566743352189e-09,-1.222518217550541831e-06,-2.512605256825998890e-06,-3.159193167223842881e-09,1.787634662205377959e-06,2.681551048808070031e-06
6.818237637617841171e-05,8.270907294844669164e-05,5.474997073434056949e-02,2.931875085626133847e-05,4.149748474010452097e-06,5.048023312610607905e-06,-4.726658206333746648e-04,5.382803172125612886e-06,4.081136933960365608e-03,5.362927504702236789e-04
2.320465381806031456e-08,8.176433050284062882e-08,2.931875085626132831e-05,3.326004971393206432e-05,2.493671947460934085e-06,-6.238958733342193030e-05,1.025156549355321829e-06,6.762627919390731437e-07,5.184732944925836201e-04,3.947599433263563251e-04
1.467541825354385271e-08,5.041299566743347226e-09,4.149748474010453791e-06,2.493671947460934085e-06,6.934153968985807779e-07,8.923348640186091801e-05,1.154128515737137502e-06,1.672579524612019348e-07,-1.663832082242154673e-04,1.075664519382715689e-05
2.460670194499004989e-06,-1.222518217550542890e-06,5.048023312610456286e-06,-6.238958733342188964e-05,8.923348640186091801e-05,3.574805789403420753e-02,3.356810610723930197e-04,6.422267075174872922e-06,-9.081216484817354606e-02,1.625347113588490036e-03
8.727311047005529868e-07,-2.512605256825998890e-06,-4.726658206333745563e-04,1.025156549355321405e-06,1.154128515737137713e-06,3.356810610723933992e-04,1.175892721349200420e-02,2.120849857463028866e-06,-1.709172424749557696e-03,-2.211503819176178197e-04
3.358031267633147649e-08,-3.159193167223847430e-09,5.382803172125615427e-06,6.762627919390728260e-07,1.672579524612019348e-07,6.422267075174873769e-06,2.120849857463029713e-06,1.976252009525584274e-06,1.043724606595179899e-03,4.594727898657868899e-06
1.185333744996256515e-05,1.787634662205381559e-06,4.081136933960369077e-03,5.184732944925836201e-04,-1.663832082242154944e-04,-9.081216484817354606e-02,-1.709172424749555745e-03,1.043724606595179899e-03,9.095068685206247894e-01,-1.002242283759919098e-02
-1.392839582509061338e-06,2.681551048808070031e-06,5.362927504702237873e-04,3.947599433263563251e-04,1.075664519382715858e-05,1.625347113588490253e-03,-2.211503819176177655e-04,4.594727898657866358e-06,-1.002242283759919098e-02,2.936947116430272883e-02
