5.005452392303864036e-07,1.138348884200072862e-07,7.440130644647097679e-05,2.556414326238482109e-09,1.696902331549164408e-08,1.419091313126822890e-06,5.257514672826363994e-07,-1.929336003773215637e-08,-7.243852855601943101e-06,1.334882700370407349e-06
1.138348884200072995e-07,5.129285005363366427e-07,8.514356770658190689e-05,-1.507396052551368669e-07,-1.826093053328821604e-08,1.832707956338946694e-06,1.156576849229849645e-06,-1.220091558214703935e-08,-2.895259836013013431e-06,8.888998874364129598e-07
7.440130644647097679e-05,8.514356770658190689e-05,3.289563711376743138e-02,-1.319642282940042307e-05,-3.585411788329624138e-06,4.692801590639893356e-04,1.096100617723833265e-04,-6.257986748344658393e-06,-1.717777824583296585e-03,-9.539549921628634173e-05
2.556414326238480454e-09,-1.507396052551368934e-07,-1.319642282940041798e-05,5.962075372662817762e-05,4.289261443276347631e-06,-1.017155303172625406e-04,-4.979178803658548622e-06,7.921345583185620012e-07,4.760924061916671154e-04,4.553184724106586808e-04
1.696902331549164739e-08,-1.826093053328822266e-08,-3.585411788329627527e-06,4.289261443276348478e-06,1.752862883195374836e-06,6.783693988879597547e-05,-1.023784309744516706e-05,2.992947157735333369e-07,-4.458044236615220658e-06,1.414769976269248656e-05
1.419091313126822678e-06,1.832707956338945000e-06,4.692801590639890104e-04,-1.017155303172625542e-04,6.783693988879597547e-05,1.121198940377822299e-02,-1.061611194106159379e-03,4.817283954873135589e-06,-1.184592994928275987e-02,1.377072727533312693e-03
5.257514672826372464e-07,1.156576849229850281e-06,1.096100617723831774e-04,-4.979178803658546928e-06,-1.023784309744516367e-05,-1.061611194106159596e-03,5.430203950988246250e-03,1.525115047416729102e-05,7.014220667830609220e-03,-2.823413445720643756e-04
-1.929336003773216630e-08,-1.220091558214703770e-08,-6.257986748344657546e-06,7.921345583185615777e-07,2.992947157735333369e-07,4.817283954873138130e-06,1.525115047416728763e-05,3.469398536438378475e-06,9.821517251548546844e-04,1.614412734826878456e-05
-7.243852855601943101e-06,-2.895259836013013854e-06,-1.717777824583296802e-03,4.760924061916671154e-04,-4.458044236615222352e-06,-1.184592994928275987e-02,7.014220667830609220e-03,9.821517251548546844e-04,3.391396947096263492e-01,2.738843428568425026e-03
1.334882700370407772e-06,8.888998874364130656e-07,-9.539549921628612489e-05,4.553184724106586808e-04,1.414769976269248995e-05,1.377072727533312909e-03,-2.823413445720642130e-04,1.614412734826878795e-05,2.738843428568425026e-03,1.814148534436732865e-02
