            centre_ra,           centre_dec,             v_sys,       inclination,               phi,    turnover_radius,  maximum_velocity,velocity_dispersion,    log_likelihood,log_prior,     log_posterior,weight
    -0.00283661656326,    -0.00531283454006,  0.14322752625954, 49.85717201017003, 40.63414023229296,   0.30588966608807, 276.2247373064431,  62.63498747294062, 347108.5775049733,      0.0, 347108.5775049733,   1.0
    -0.00283661656326,    -0.00531283454006,  0.14322752625954, 49.85717201017003, 40.63414023229296,   0.30588966608807, 276.2247373064431,  62.63498747294062, 347108.5775049733,      0.0, 347108.5775049733,   1.0
  0.29999939999999997,    -0.00531283454006,  0.14322752625954, 49.85717201017003, 40.63414023229296,   0.30588966608807, 276.2247373064431,  62.63498747294062, 289794.9087570113,      0.0, 289794.9087570113,   1.0
    -0.00283661656326,  0.29999939999999997,  0.14322752625954, 49.85717201017003, 40.63414023229296,   0.30588966608807, 276.2247373064431,  62.63498747294062, 286158.5110083913,      0.0, 286158.5110083913,   1.0
    -0.00283661656326,    -0.00531283454006,  1.14322752625954, 49.85717201017003, 40.63414023229296,   0.30588966608807, 276.2247373064431,  62.63498747294062,347606.89094277046,      0.0,347606.89094277046,   1.0
    -0.00283661656326,    -0.00531283454006,  0.14322752625954, 50.85717201017003, 40.63414023229296,   0.30588966608807, 276.2247373064431,  62.63498747294062, 347491.9857877594,      0.0, 347491.9857877594,   1.0
    -0.00283661656326,    -0.00531283454006,  0.14322752625954, 49.85717201017003, 41.63414023229296,   0.30588966608807, 276.2247373064431,  62.63498747294062,  347265.800934001,      0.0,  347265.800934001,   1.0
    -0.00283661656326,    -0.00531283454006,  0.14322752625954, 49.85717201017003, 40.63414023229296,         0.59999942, 276.2247373064431,  62.63498747294062,327823.53130147315,      0.0,327823.53130147315,   1.0
    -0.00283661656326,    -0.00531283454006,  0.14322752625954, 49.85717201017003, 40.63414023229296,   0.30588966608807, 277.2247373064431,  62.63498747294062, 347169.7251295161,      0.0, 347169.7251295161,   1.0
    -0.00283661656326,    -0.00531283454006,  0.14322752625954, 49.85717201017003, 40.63414023229296,   0.30588966608807, 276.2247373064431,  63.63498747294062,346829.10406442743,      0.0,346829.10406442743,   1.0
 -0.29999939999999997, -0.29999939999999997,          59.99988,          79.99994,         169.99974,         0.02000058,398.51998620686686,           5.000115, 229675.3152144297,      0.0, 229675.3152144297,   1.0
  0.29999939999999997, -0.29999939999999997,          59.99988,          79.99994,         169.99974,         0.02000058,398.51998620686686,           5.000115,215719.09702995856,      0.0,215719.09702995856,   1.0
 -0.29999939999999997,  0.29999939999999997,          59.99988,          79.99994,         169.99974,         0.02000058,398.51998620686686,           5.000115, 142001.6641428644,      0.0, 142001.6641428644,   1.0
 -0.29999939999999997, -0.29999939999999997,          58.99988,          79.99994,         169.99974,         0.02000058,398.51998620686686,           5.000115,229917.61392338347,      0.0,229917.61392338347,   1.0
 -0.29999939999999997, -0.29999939999999997,          59.99988,          78.99994,         169.99974,         0.02000058,398.51998620686686,           5.000115,229181.88386115473,      0.0,229181.88386115473,   1.0
 -0.29999939999999997, -0.29999939999999997,          59.99988,          79.99994,         168.99974,         0.02000058,398.51998620686686,           5.000115,228619.90681832584,      0.0,228619.90681832584,   1.0
 -0.29999939999999997, -0.29999939999999997,          59.99988,          79.99994,         169.99974,         0.59999942,398.51998620686686,           5.000115,213920.95999760894,      0.0,213920.95999760894,   1.0
 -0.29999939999999997, -0.29999939999999997,          59.99988,          79.99994,         169.99974,         0.02000058,399.51998620686686,           5.000115, 229723.2437633482,      0.0, 229723.2437633482,   1.0
 -0.29999939999999997, -0.29999939999999997,          59.99988,          79.99994,         169.99974,         0.02000058,398.51998620686686,           6.000115,229966.54756210177,      0.0,229966.54756210177,   1.0
-0.041088885550621276,-0.043246352454273995, 7.848273039120491,53.737298773809854, 57.28672257384682, 0.2690886034007575,291.96718897792294,  55.21594051359446,  352776.421355044,      0.0,  352776.421355044,   1.0
  0.29999939999999997,-0.043246352454273995, 7.848273039120491,53.737298773809854, 57.28672257384682, 0.2690886034007575,291.96718897792294,  55.21594051359446,273929.87471395236,      0.0,273929.87471395236,   1.0
-0.041088885550621276,  0.29999939999999997, 7.848273039120491,53.737298773809854, 57.28672257384682, 0.2690886034007575,291.96718897792294,  55.21594051359446,320265.65905660053,      0.0,320265.65905660053,   1.0
-0.041088885550621276,-0.043246352454273995,  8.84827303912049,53.737298773809854, 57.28672257384682, 0.2690886034007575,291.96718897792294,  55.21594051359446, 352312.3031311859,      0.0, 352312.3031311859,   1.0
-0.041088885550621276,-0.043246352454273995, 7.848273039120491,54.737298773809854, 57.28672257384682, 0.2690886034007575,291.96718897792294,  55.21594051359446, 352722.5514792016,      0.0, 352722.5514792016,   1.0
-0.041088885550621276,-0.043246352454273995, 7.848273039120491,53.737298773809854, 58.28672257384682, 0.2690886034007575,291.96718897792294,  55.21594051359446,351934.05371308955,      0.0,351934.05371308955,   1.0
-0.041088885550621276,-0.043246352454273995, 7.848273039120491,53.737298773809854, 57.28672257384682,         0.59999942,291.96718897792294,  55.21594051359446,329839.76438737224,      0.0,329839.76438737224,   1.0
-0.041088885550621276,-0.043246352454273995, 7.848273039120491,53.737298773809854, 57.28672257384682, 0.2690886034007575,292.96718897792294,  55.21594051359446, 352808.5457536131,      0.0, 352808.5457536131,   1.0
-0.041088885550621276,-0.043246352454273995, 7.848273039120491,53.737298773809854, 57.28672257384682, 0.2690886034007575,291.96718897792294,  56.21594051359446,352522.33171081886,      0.0,352522.33171081886,   1.0
 -0.29999939999999997, -0.26672006067887527, 3.084463396420567, 51.33871463270251, 46.99090983495967,0.13772382941518263,282.23563821832903, 59.801651930610184, 227480.5189253577,      0.0, 227480.5189253577,   1.0
  0.29999939999999997, -0.26672006067887527, 3.084463396420567, 51.33871463270251, 46.99090983495967,0.13772382941518263,282.23563821832903, 59.801651930610184,339399.53203784913,      0.0,339399.53203784913,   1.0
 -0.29999939999999997,  0.29999939999999997, 3.084463396420567, 51.33871463270251, 46.99090983495967,0.13772382941518263,282.23563821832903, 59.801651930610184,335331.90176064975,      0.0,335331.90176064975,   1.0
 -0.29999939999999997, -0.26672006067887527, 4.084463396420567, 51.33871463270251, 46.99090983495967,0.13772382941518263,282.23563821832903, 59.801651930610184,  226178.605787405,      0.0,  226178.605787405,   1.0
 -0.29999939999999997, -0.26672006067887527, 3.084463396420567, 52.33871463270251, 46.99090983495967,0.13772382941518263,282.23563821832903, 59.801651930610184,225506.44255979237,      0.0,225506.44255979237,   1.0
 -0.29999939999999997, -0.26672006067887527, 3.084463396420567, 51.33871463270251, 47.99090983495967,0.13772382941518263,282.23563821832903, 59.801651930610184,226368.08321052472,      0.0,226368.08321052472,   1.0
 -0.29999939999999997, -0.26672006067887527, 3.084463396420567, 51.33871463270251, 46.99090983495967,         0.59999942,282.23563821832903, 59.801651930610184, 293085.5036141219,      0.0, 293085.5036141219,   1.0
 -0.29999939999999997, -0.26672006067887527, 3.084463396420567, 51.33871463270251, 46.99090983495967,0.13772382941518263,283.23563821832903, 59.801651930610184,  226878.220757972,      0.0,  226878.220757972,   1.0
 -0.29999939999999997, -0.26672006067887527, 3.084463396420567, 51.33871463270251, 46.99090983495967,0.13772382941518263,282.23563821832903, 60.801651930610184,229065.33771223715,      0.0,229065.33771223715,   1.0
 -0.06938324027235714, -0.06766808899493051, 7.327672629577328, 53.47517581343973, 56.16157175329335,0.25473274952207997, 290.9037020439523,  55.71707792688373, 346252.1802028881,      0.0, 346252.1802028881,   1.0
  0.29999939999999997, -0.06766808899493051, 7.327672629577328, 53.47517581343973, 56.16157175329335,0.25473274952207997, 290.9037020439523,  55.71707792688373, 280986.2915481167,      0.0, 280986.2915481167,   1.0
 -0.06938324027235714,            0.2999994, 7.327672629577328, 53.47517581343973, 56.16157175329335,0.25473274952207997, 290.9037020439523,  55.71707792688373,323759.62458299147,      0.0,323759.62458299147,   1.0
 -0.06938324027235714, -0.06766808899493051, 8.327672629577329, 53.47517581343973, 56.16157175329335,0.25473274952207997, 290.9037020439523,  55.71707792688373,345566.19455328246,      0.0,345566.19455328246,   1.0
 -0.06938324027235714, -0.06766808899493051, 7.327672629577328, 54.47517581343973, 56.16157175329335,0.25473274952207997, 290.9037020439523,  55.71707792688373, 346046.8603845513,      0.0, 346046.8603845513,   1.0
 -0.06938324027235714, -0.06766808899493051, 7.327672629577328, 53.47517581343973, 57.16157175329335,0.25473274952207997, 290.9037020439523,  55.71707792688373,345425.99003453704,      0.0,345425.99003453704,   1.0
 -0.06938324027235714, -0.06766808899493051, 7.327672629577328, 53.47517581343973, 56.16157175329335,         0.59999942, 290.9037020439523,  55.71707792688373, 328756.0820728365,      0.0, 328756.0820728365,   1.0
 -0.06938324027235714, -0.06766808899493051, 7.327672629577328, 53.47517581343973, 56.16157175329335,0.25473274952207997, 291.9037020439523,  55.71707792688373, 346229.0801115399,      0.0, 346229.0801115399,   1.0
 -0.06938324027235714, -0.06766808899493051, 7.327672629577328, 53.47517581343973, 56.16157175329335,0.25473274952207997, 290.9037020439523,  56.71707792688373, 346128.8627358706,      0.0, 346128.8627358706,   1.0
-0.044604278132363506, -0.04628059699925863, 7.783591768394988, 53.70473167272373, 57.14692978172224, 0.2673049803874039, 291.8350575292567, 55.278203631535696, 351954.3189471933,      0.0, 351954.3189471933,   1.0
  0.29999939999999997, -0.04628059699925863, 7.783591768394988, 53.70473167272373, 57.14692978172224, 0.2673049803874039, 291.8350575292567, 55.278203631535696, 275244.5738662301,      0.0, 275244.5738662301,   1.0
-0.044604278132363506,  0.29999939999999997, 7.783591768394988, 53.70473167272373, 57.14692978172224, 0.2673049803874039, 291.8350575292567, 55.278203631535696, 320818.8428327099,      0.0, 320818.8428327099,   1.0
-0.044604278132363506, -0.04628059699925863, 8.783591768394988, 53.70473167272373, 57.14692978172224, 0.2673049803874039, 291.8350575292567, 55.278203631535696, 351477.9065203259,      0.0, 351477.9065203259,   1.0
-0.044604278132363506, -0.04628059699925863, 7.783591768394988, 54.70473167272373, 57.14692978172224, 0.2673049803874039, 291.8350575292567, 55.278203631535696, 352090.3767202519,      0.0, 352090.3767202519,   1.0
-0.044604278132363506, -0.04628059699925863, 7.783591768394988, 53.70473167272373, 58.14692978172224, 0.2673049803874039, 291.8350575292567, 55.278203631535696,351210.75561998645,      0.0,351210.75561998645,   1.0
-0.044604278132363506, -0.04628059699925863, 7.783591768394988, 53.70473167272373, 57.14692978172224,         0.59999942, 291.8350575292567, 55.278203631535696, 329647.6822994705,      0.0, 329647.6822994705,   1.0
-0.044604278132363506, -0.04628059699925863, 7.783591768394988, 53.70473167272373, 57.14692978172224, 0.2673049803874039, 292.8350575292567, 55.278203631535696,352014.39721697767,      0.0,352014.39721697767,   1.0
-0.044604278132363506, -0.04628059699925863, 7.783591768394988, 53.70473167272373, 57.14692978172224, 0.2673049803874039, 291.8350575292567, 56.278203631535696,351751.97475949465,      0.0,351751.97475949465,   1.0
 -0.04150657380585218, -0.04360687216308854, 7.840587807247451, 53.73342924990483, 57.27011281943714, 0.2688766787388274, 291.9514895210426,  55.22333842790798,  352702.241135458,      0.0,  352702.241135458,   1.0
   0.2999993999999999, -0.04360687216308854, 7.840587807247451, 53.73342924990483, 57.27011281943714, 0.2688766787388274, 291.9514895210426,  55.22333842790798,274055.57033550565,      0.0,274055.57033550565,   1.0
 -0.04150657380585218,  0.29999939999999997, 7.840587807247451, 53.73342924990483, 57.27011281943714, 0.2688766787388274, 291.9514895210426,  55.22333842790798,320349.69686231046,      0.0,320349.69686231046,   1.0
 -0.04150657380585218, -0.04360687216308854, 8.840587807247452, 53.73342924990483, 57.27011281943714, 0.2688766787388274, 291.9514895210426,  55.22333842790798, 352235.7361083394,      0.0, 352235.7361083394,   1.0
 -0.04150657380585218, -0.04360687216308854, 7.840587807247451, 54.73342924990483, 57.27011281943714, 0.2688766787388274, 291.9514895210426,  55.22333842790798, 352642.0885473852,      0.0, 352642.0885473852,   1.0
 -0.04150657380585218, -0.04360687216308854, 7.840587807247451, 53.73342924990483, 58.27011281943714, 0.2688766787388274, 291.9514895210426,  55.22333842790798,351876.84522114525,      0.0,351876.84522114525,   1.0
 -0.04150657380585218, -0.04360687216308854, 7.840587807247451, 53.73342924990483, 57.27011281943714,         0.59999942, 291.9514895210426,  55.22333842790798,329849.80481206503,      0.0,329849.80481206503,   1.0
 -0.04150657380585218, -0.04360687216308854, 7.840587807247451, 53.73342924990483, 57.27011281943714, 0.2688766787388274, 292.9514895210426,  55.22333842790798, 352725.8062997423,      0.0, 352725.8062997423,   1.0
 -0.04150657380585218, -0.04360687216308854, 7.840587807247451, 53.73342924990483, 57.27011281943714, 0.2688766787388274, 291.9514895210426,  56.22333842790798, 352445.9474881033,      0.0, 352445.9474881033,   1.0
 -0.04114378341533462,-0.043293736506741676, 7.847262948905185, 53.73679019211721,57.284539510188495, 0.2690607495856829, 291.9651255570604, 55.216912840908094, 352755.7945599435,      0.0, 352755.7945599435,   1.0
   0.2999993999999999,-0.043293736506741676, 7.847262948905185, 53.73679019211721,57.284539510188495, 0.2690607495856829, 291.9651255570604, 55.216912840908094,273941.39164585085,      0.0,273941.39164585085,   1.0
 -0.04114378341533462,  0.29999939999999997, 7.847262948905185, 53.73679019211721,57.284539510188495, 0.2690607495856829, 291.9651255570604, 55.216912840908094,  320276.274858502,      0.0,  320276.274858502,   1.0
 -0.04114378341533462,-0.043293736506741676, 8.847262948905186, 53.73679019211721,57.284539510188495, 0.2690607495856829, 291.9651255570604, 55.216912840908094,352288.24043301254,      0.0,352288.24043301254,   1.0
 -0.04114378341533462,-0.043293736506741676, 7.847262948905185, 54.73679019211721,57.284539510188495, 0.2690607495856829, 291.9651255570604, 55.216912840908094,352726.25340973865,      0.0,352726.25340973865,   1.0
 -0.04114378341533462,-0.043293736506741676, 7.847262948905185, 53.73679019211721,58.284539510188495, 0.2690607495856829, 291.9651255570604, 55.216912840908094, 351934.2713178826,      0.0, 351934.2713178826,   1.0
 -0.04114378341533462,-0.043293736506741676, 7.847262948905185, 53.73679019211721,57.284539510188495,         0.59999942, 291.9651255570604, 55.216912840908094,   329869.76639399,      0.0,   329869.76639399,   1.0
 -0.04114378341533462,-0.043293736506741676, 7.847262948905185, 53.73679019211721,57.284539510188495, 0.2690607495856829, 292.9651255570604, 55.216912840908094, 352787.8826226509,      0.0, 352787.8826226509,   1.0
 -0.04114378341533462,-0.043293736506741676, 7.847262948905185, 53.73679019211721,57.284539510188495, 0.2690607495856829, 291.9651255570604, 56.216912840908094,352501.02631611115,      0.0,352501.02631611115,   1.0
  -0.0410939933298074, -0.04325076113716562, 7.848179058820805, 53.73725145461087, 57.28651945834908, 0.2690860118402727,291.96699699416934,  55.21603098037747,352758.88407949684,      0.0,352758.88407949684,   1.0
  0.29999939999999997, -0.04325076113716562, 7.848179058820805, 53.73725145461087, 57.28651945834908, 0.2690860118402727,291.96699699416934,  55.21603098037747,273932.39195553365,      0.0,273932.39195553365,   1.0
  -0.0410939933298074,  0.29999939999999997, 7.848179058820805, 53.73725145461087, 57.28651945834908, 0.2690860118402727,291.96699699416934,  55.21603098037747, 320266.5067355046,      0.0, 320266.5067355046,   1.0
  -0.0410939933298074, -0.04325076113716562, 8.848179058820804, 53.73725145461087, 57.28651945834908, 0.2690860118402727,291.96699699416934,  55.21603098037747, 352294.7100175085,      0.0, 352294.7100175085,   1.0
  -0.0410939933298074, -0.04325076113716562, 7.848179058820805, 54.73725145461087, 57.28651945834908, 0.2690860118402727,291.96699699416934,  55.21603098037747, 352722.4756672728,      0.0, 352722.4756672728,   1.0
  -0.0410939933298074, -0.04325076113716562, 7.848179058820805, 53.73725145461087, 58.28651945834908, 0.2690860118402727,291.96699699416934,  55.21603098037747, 351933.9857283915,      0.0, 351933.9857283915,   1.0
  -0.0410939933298074, -0.04325076113716562, 7.848179058820805, 53.73725145461087, 57.28651945834908,         0.59999942,291.96699699416934,  55.21603098037747,329833.32456213253,      0.0,329833.32456213253,   1.0
  -0.0410939933298074, -0.04325076113716562, 7.848179058820805, 53.73725145461087, 57.28651945834908, 0.2690860118402727,292.96699699416934,  55.21603098037747, 352791.0094859641,      0.0, 352791.0094859641,   1.0
  -0.0410939933298074, -0.04325076113716562, 7.848179058820805, 53.73725145461087, 57.28651945834908, 0.2690860118402727,291.96699699416934,  56.21603098037747, 352504.8652409253,      0.0, 352504.8652409253,   1.0
-0.041088972865667726, -0.04324642781860308,7.8482714325721386, 53.73729796491074, 57.28671910168437, 0.2690885590992684,291.96718569605235,  55.21594206008092,  352776.421355044,      0.0,  352776.421355044,   1.0
  0.29999939999999997, -0.04324642781860308,7.8482714325721386, 53.73729796491074, 57.28671910168437, 0.2690885590992684,291.96718569605235,  55.21594206008092,273929.87471395236,      0.0,273929.87471395236,   1.0
-0.041088972865667726,   0.2999993999999999,7.8482714325721386, 53.73729796491074, 57.28671910168437, 0.2690885590992684,291.96718569605235,  55.21594206008092,320265.65905660053,      0.0,320265.65905660053,   1.0
-0.041088972865667726, -0.04324642781860308, 8.848271432572139, 53.73729796491074, 57.28671910168437, 0.2690885590992684,291.96718569605235,  55.21594206008092, 352312.3031311859,      0.0, 352312.3031311859,   1.0
-0.041088972865667726, -0.04324642781860308,7.8482714325721386, 54.73729796491074, 57.28671910168437, 0.2690885590992684,291.96718569605235,  55.21594206008092, 352722.5514792016,      0.0, 352722.5514792016,   1.0
-0.041088972865667726, -0.04324642781860308,7.8482714325721386, 53.73729796491074, 58.28671910168437, 0.2690885590992684,291.96718569605235,  55.21594206008092, 351934.0734206568,      0.0, 351934.0734206568,   1.0
-0.041088972865667726, -0.04324642781860308,7.8482714325721386, 53.73729796491074, 57.28671910168437,         0.59999942,291.96718569605235,  55.21594206008092,329839.76438737224,      0.0,329839.76438737224,   1.0
-0.041088972865667726, -0.04324642781860308,7.8482714325721386, 53.73729796491074, 57.28671910168437, 0.2690885590992684,292.96718569605235,  55.21594206008092, 352808.5457536131,      0.0, 352808.5457536131,   1.0
-0.041088972865667726, -0.04324642781860308,7.8482714325721386, 53.73729796491074, 57.28671910168437, 0.2690885590992684,291.96718569605235,  56.21594206008092,352522.33171081886,      0.0,352522.33171081886,   1.0
-0.041088903977284943, -0.04324636835889984, 7.848272700080115,  53.7372986031026, 57.28672184109374,0.26908859405152535, 291.9671882853284, 55.215940839959586,  352776.421355044,      0.0,  352776.421355044,   1.0
  0.29999939999999997, -0.04324636835889984, 7.848272700080115,  53.7372986031026, 57.28672184109374,0.26908859405152535, 291.9671882853284, 55.215940839959586,273929.87471395236,      0.0,273929.87471395236,   1.0
-0.041088903977284943,  0.29999939999999997, 7.848272700080115,  53.7372986031026, 57.28672184109374,0.26908859405152535, 291.9671882853284, 55.215940839959586,320265.65905660053,      0.0,320265.65905660053,   1.0
-0.041088903977284943, -0.04324636835889984, 8.848272700080116,  53.7372986031026, 57.28672184109374,0.26908859405152535, 291.9671882853284, 55.215940839959586, 352312.3031311859,      0.0, 352312.3031311859,   1.0
-0.041088903977284943, -0.04324636835889984, 7.848272700080115,  54.7372986031026, 57.28672184109374,0.26908859405152535, 291.9671882853284, 55.215940839959586, 352722.5514792016,      0.0, 352722.5514792016,   1.0
-0.041088903977284943, -0.04324636835889984, 7.848272700080115,  53.7372986031026, 58.28672184109374,0.26908859405152535, 291.9671882853284, 55.215940839959586,351934.05371308955,      0.0,351934.05371308955,   1.0
-0.041088903977284943, -0.04324636835889984, 7.848272700080115,  53.7372986031026, 57.28672184109374,         0.59999942, 291.9671882853284, 55.215940839959586,329839.76438737224,      0.0,329839.76438737224,   1.0
-0.041088903977284943, -0.04324636835889984, 7.848272700080115,  53.7372986031026, 57.28672184109374,0.26908859405152535, 292.9671882853284, 55.215940839959586, 352808.5457536131,      0.0, 352808.5457536131,   1.0
-0.041088903977284943, -0.04324636835889984, 7.848272700080115,  53.7372986031026, 57.28672184109374,0.26908859405152535, 291.9671882853284, 56.215940839959586,352522.33171081886,      0.0,352522.33171081886,   1.0
-0.041088889439316906,   -0.043246355810728, 7.848272967570651, 53.73729873778442,  57.2867224192093, 0.2690886014277298, 291.9671888317603, 55.215940582469365,  352776.421355044,      0.0,  352776.421355044,   1.0
            0.2999994,   -0.043246355810728, 7.848272967570651, 53.73729873778442,  57.2867224192093, 0.2690886014277298, 291.9671888317603, 55.215940582469365,273929.87471395236,      0.0,273929.87471395236,   1.0
-0.041088889439316906,  0.29999939999999997, 7.848272967570651, 53.73729873778442,  57.2867224192093, 0.2690886014277298, 291.9671888317603, 55.215940582469365,320265.65905660053,      0.0,320265.65905660053,   1.0
-0.041088889439316906,   -0.043246355810728,  8.84827296757065, 53.73729873778442,  57.2867224192093, 0.2690886014277298, 291.9671888317603, 55.215940582469365, 352312.3031311859,      0.0, 352312.3031311859,   1.0
-0.041088889439316906,   -0.043246355810728, 7.848272967570651, 54.73729873778442,  57.2867224192093, 0.2690886014277298, 291.9671888317603, 55.215940582469365, 352722.5514792016,      0.0, 352722.5514792016,   1.0
-0.041088889439316906,   -0.043246355810728, 7.848272967570651, 53.73729873778442,  58.2867224192093, 0.2690886014277298, 291.9671888317603, 55.215940582469365,351934.05371308955,      0.0,351934.05371308955,   1.0
-0.041088889439316906,   -0.043246355810728, 7.848272967570651, 53.73729873778442,  57.2867224192093,         0.59999942, 291.9671888317603, 55.215940582469365,329839.76438737224,      0.0,329839.76438737224,   1.0
-0.041088889439316906,   -0.043246355810728, 7.848272967570651, 53.73729873778442,  57.2867224192093, 0.2690886014277298, 292.9671888317603, 55.215940582469365, 352808.5457536131,      0.0, 352808.5457536131,   1.0
-0.041088889439316906,   -0.043246355810728, 7.848272967570651, 53.73729873778442,  57.2867224192093, 0.2690886014277298, 291.9671888317603, 56.215940582469365,352522.33171081886,      0.0,352522.33171081886,   1.0
 -0.04108888637127734, -0.04324635316260774, 7.848273024020875, 53.73729876620718, 57.28672254121269,  0.269088602984377, 291.9671889470773, 55.215940528129565,  352776.421355044,      0.0,  352776.421355044,   1.0
  0.29999939999999997, -0.04324635316260774, 7.848273024020875, 53.73729876620718, 57.28672254121269,  0.269088602984377, 291.9671889470773, 55.215940528129565,273929.87471395236,      0.0,273929.87471395236,   1.0
 -0.04108888637127734,  0.29999939999999997, 7.848273024020875, 53.73729876620718, 57.28672254121269,  0.269088602984377, 291.9671889470773, 55.215940528129565,320265.65905660053,      0.0,320265.65905660053,   1.0
 -0.04108888637127734, -0.04324635316260774, 8.848273024020875, 53.73729876620718, 57.28672254121269,  0.269088602984377, 291.9671889470773, 55.215940528129565, 352312.3031311859,      0.0, 352312.3031311859,   1.0
 -0.04108888637127734, -0.04324635316260774, 7.848273024020875, 54.73729876620718, 57.28672254121269,  0.269088602984377, 291.9671889470773, 55.215940528129565, 352722.5514792016,      0.0, 352722.5514792016,   1.0
 -0.04108888637127734, -0.04324635316260774, 7.848273024020875, 53.73729876620718, 58.28672254121269,  0.269088602984377, 291.9671889470773, 55.215940528129565,351934.05371308955,      0.0,351934.05371308955,   1.0
 -0.04108888637127734, -0.04324635316260774, 7.848273024020875, 53.73729876620718, 57.28672254121269,         0.59999942, 291.9671889470773, 55.215940528129565,329839.76438737224,      0.0,329839.76438737224,   1.0
 -0.04108888637127734, -0.04324635316260774, 7.848273024020875, 53.73729876620718, 57.28672254121269,  0.269088602984377, 292.9671889470773, 55.215940528129565, 352808.5457536131,      0.0, 352808.5457536131,   1.0
 -0.04108888637127734, -0.04324635316260774, 7.848273024020875, 53.73729876620718, 57.28672254121269,  0.269088602984377, 291.9671889470773, 56.215940528129565,352522.33171081886,      0.0,352522.33171081886,   1.0
 -0.04108888572380951, -0.04324635260375814, 7.848273035933923, 53.73729877220541, 57.28672256695984, 0.2690886033128861, 291.9671889714134, 55.215940516661895,  352776.421355044,      0.0,  352776.421355044,   1.0
  0.29999939999999997, -0.04324635260375814, 7.848273035933923, 53.73729877220541, 57.28672256695984, 0.2690886033128861, 291.9671889714134, 55.215940516661895,273929.87471395236,      0.0,273929.87471395236,   1.0
 -0.04108888572380951,  0.29999939999999997, 7.848273035933923, 53.73729877220541, 57.28672256695984, 0.2690886033128861, 291.9671889714134, 55.215940516661895,320265.65905660053,      0.0,320265.65905660053,   1.0
 -0.04108888572380951, -0.04324635260375814, 8.848273035933923, 53.73729877220541, 57.28672256695984, 0.2690886033128861, 291.9671889714134, 55.215940516661895, 352312.3031311859,      0.0, 352312.3031311859,   1.0
 -0.04108888572380951, -0.04324635260375814, 7.848273035933923, 54.73729877220541, 57.28672256695984, 0.2690886033128861, 291.9671889714134, 55.215940516661895, 352722.5514792016,      0.0, 352722.5514792016,   1.0
 -0.04108888572380951, -0.04324635260375814, 7.848273035933923, 53.73729877220541, 58.28672256695984, 0.2690886033128861, 291.9671889714134, 55.215940516661895,351934.05371308955,      0.0,351934.05371308955,   1.0
 -0.04108888572380951, -0.04324635260375814, 7.848273035933923, 53.73729877220541, 57.28672256695984,         0.59999942, 291.9671889714134, 55.215940516661895,329839.76438737224,      0.0,329839.76438737224,   1.0
 -0.04108888572380951, -0.04324635260375814, 7.848273035933923, 53.73729877220541, 57.28672256695984, 0.2690886033128861, 292.9671889714134, 55.215940516661895, 352808.5457536131,      0.0, 352808.5457536131,   1.0
 -0.04108888572380951, -0.04324635260375814, 7.848273035933923, 53.73729877220541, 57.28672256695984, 0.2690886033128861, 291.9671889714134, 56.215940516661895,352522.33171081886,      0.0,352522.33171081886,   1.0
  -0.0410888855871703,-0.043246352485820594, 7.848273038448009, 53.73729877347126,57.286722572393415,0.26908860338221346, 291.9671889765492,   55.2159405142418,  352776.421355044,      0.0,  352776.421355044,   1.0
  0.29999939999999997,-0.043246352485820594, 7.848273038448009, 53.73729877347126,57.286722572393415,0.26908860338221346, 291.9671889765492,   55.2159405142418,273929.87471395236,      0.0,273929.87471395236,   1.0
  -0.0410888855871703,  0.29999939999999997, 7.848273038448009, 53.73729877347126,57.286722572393415,0.26908860338221346, 291.9671889765492,   55.2159405142418,320265.65905660053,      0.0,320265.65905660053,   1.0
  -0.0410888855871703,-0.043246352485820594,  8.84827303844801, 53.73729877347126,57.286722572393415,0.26908860338221346, 291.9671889765492,   55.2159405142418, 352312.3031311859,      0.0, 352312.3031311859,   1.0
  -0.0410888855871703,-0.043246352485820594, 7.848273038448009, 54.73729877347126,57.286722572393415,0.26908860338221346, 291.9671889765492,   55.2159405142418, 352722.5514792016,      0.0, 352722.5514792016,   1.0
  -0.0410888855871703,-0.043246352485820594, 7.848273038448009, 53.73729877347126,58.286722572393415,0.26908860338221346, 291.9671889765492,   55.2159405142418,351934.05371308955,      0.0,351934.05371308955,   1.0
  -0.0410888855871703,-0.043246352485820594, 7.848273038448009, 53.73729877347126,57.286722572393415,         0.59999942, 291.9671889765492,   55.2159405142418,329839.76438737224,      0.0,329839.76438737224,   1.0
  -0.0410888855871703,-0.043246352485820594, 7.848273038448009, 53.73729877347126,57.286722572393415,0.26908860338221346, 292.9671889765492,   55.2159405142418, 352808.5457536131,      0.0, 352808.5457536131,   1.0
  -0.0410888855871703,-0.043246352485820594, 7.848273038448009, 53.73729877347126,57.286722572393415,0.26908860338221346, 291.9671889765492,   56.2159405142418,352522.33171081886,      0.0,352522.33171081886,   1.0
 -0.04108888555833443, -0.04324635246093146, 7.848273038978573,53.737298773738395,57.286722573540104,0.26908860339684404,291.96718897763304,  55.21594051373107,  352776.421355044,      0.0,  352776.421355044,   1.0
  0.29999939999999997, -0.04324635246093146, 7.848273038978573,53.737298773738395,57.286722573540104,0.26908860339684404,291.96718897763304,  55.21594051373107,273929.87471395236,      0.0,273929.87471395236,   1.0
 -0.04108888555833443,  0.29999939999999997, 7.848273038978573,53.737298773738395,57.286722573540104,0.26908860339684404,291.96718897763304,  55.21594051373107,320265.65905660053,      0.0,320265.65905660053,   1.0
 -0.04108888555833443, -0.04324635246093146, 8.848273038978572,53.737298773738395,57.286722573540104,0.26908860339684404,291.96718897763304,  55.21594051373107, 352312.3031311859,      0.0, 352312.3031311859,   1.0
 -0.04108888555833443, -0.04324635246093146, 7.848273038978573,54.737298773738395,57.286722573540104,0.26908860339684404,291.96718897763304,  55.21594051373107, 352722.5514792016,      0.0, 352722.5514792016,   1.0
 -0.04108888555833443, -0.04324635246093146, 7.848273038978573,53.737298773738395,58.286722573540104,0.26908860339684404,291.96718897763304,  55.21594051373107,351934.05371308955,      0.0,351934.05371308955,   1.0
 -0.04108888555833443, -0.04324635246093146, 7.848273038978573,53.737298773738395,57.286722573540104,         0.59999942,291.96718897763304,  55.21594051373107,329839.76438737224,      0.0,329839.76438737224,   1.0
 -0.04108888555833443, -0.04324635246093146, 7.848273038978573,53.737298773738395,57.286722573540104,0.26908860339684404,292.96718897763304,  55.21594051373107, 352808.5457536131,      0.0, 352808.5457536131,   1.0
 -0.04108888555833443, -0.04324635246093146, 7.848273038978573,53.737298773738395,57.286722573540104,0.26908860339684404,291.96718897763304,  56.21594051373107,352522.33171081886,      0.0,352522.33171081886,   1.0
 -0.04108888555224903, -0.04324635245567896,  7.84827303909054, 53.73729877379478, 57.28672257378209, 0.2690886033999316, 291.9671889778618,  55.21594051362329,  352776.421355044,      0.0,  352776.421355044,   1.0
  0.29999939999999997, -0.04324635245567896,  7.84827303909054, 53.73729877379478, 57.28672257378209, 0.2690886033999316, 291.9671889778618,  55.21594051362329,273929.87471395236,      0.0,273929.87471395236,   1.0
 -0.04108888555224903,  0.29999939999999997,  7.84827303909054, 53.73729877379478, 57.28672257378209, 0.2690886033999316, 291.9671889778618,  55.21594051362329,320265.65905660053,      0.0,320265.65905660053,   1.0
 -0.04108888555224903, -0.04324635245567896,  8.84827303909054, 53.73729877379478, 57.28672257378209, 0.2690886033999316, 291.9671889778618,  55.21594051362329, 352312.3031311859,      0.0, 352312.3031311859,   1.0
 -0.04108888555224903, -0.04324635245567896,  7.84827303909054, 54.73729877379478, 57.28672257378209, 0.2690886033999316, 291.9671889778618,  55.21594051362329, 352722.5514792016,      0.0, 352722.5514792016,   1.0
 -0.04108888555224903, -0.04324635245567896,  7.84827303909054, 53.73729877379478, 58.28672257378209, 0.2690886033999316, 291.9671889778618,  55.21594051362329,351934.05371308955,      0.0,351934.05371308955,   1.0
 -0.04108888555224903, -0.04324635245567896,  7.84827303909054, 53.73729877379478, 57.28672257378209,         0.59999942, 291.9671889778618,  55.21594051362329,329839.76438737224,      0.0,329839.76438737224,   1.0
 -0.04108888555224903, -0.04324635245567896,  7.84827303909054, 53.73729877379478, 57.28672257378209, 0.2690886033999316, 292.9671889778618,  55.21594051362329, 352808.5457536131,      0.0, 352808.5457536131,   1.0
 -0.04108888555224903, -0.04324635245567896,  7.84827303909054, 53.73729877379478, 57.28672257378209, 0.2690886033999316, 291.9671889778618,  56.21594051362329,352522.33171081886,      0.0,352522.33171081886,   1.0
 -0.04108888555096478, -0.04324635245457049,  7.84827303911417, 53.73729877380667, 57.28672257383317, 0.2690886034005832,291.96718897791004,  55.21594051360054,  352776.421355044,      0.0,  352776.421355044,   1.0
  0.29999939999999997, -0.04324635245457049,  7.84827303911417, 53.73729877380667, 57.28672257383317, 0.2690886034005832,291.96718897791004,  55.21594051360054,273929.87471395236,      0.0,273929.87471395236,   1.0
 -0.04108888555096478,  0.29999939999999997,  7.84827303911417, 53.73729877380667, 57.28672257383317, 0.2690886034005832,291.96718897791004,  55.21594051360054,320265.65905660053,      0.0,320265.65905660053,   1.0
 -0.04108888555096478, -0.04324635245457049,  8.84827303911417, 53.73729877380667, 57.28672257383317, 0.2690886034005832,291.96718897791004,  55.21594051360054, 352312.3031311859,      0.0, 352312.3031311859,   1.0
 -0.04108888555096478, -0.04324635245457049,  7.84827303911417, 54.73729877380667, 57.28672257383317, 0.2690886034005832,291.96718897791004,  55.21594051360054, 352722.5514792016,      0.0, 352722.5514792016,   1.0
 -0.04108888555096478, -0.04324635245457049,  7.84827303911417, 53.73729877380667, 58.28672257383317, 0.2690886034005832,291.96718897791004,  55.21594051360054,351934.05371308955,      0.0,351934.05371308955,   1.0
 -0.04108888555096478, -0.04324635245457049,  7.84827303911417, 53.73729877380667, 57.28672257383317,         0.59999942,291.96718897791004,  55.21594051360054,329839.76438737224,      0.0,329839.76438737224,   1.0
 -0.04108888555096478, -0.04324635245457049,  7.84827303911417, 53.73729877380667, 57.28672257383317, 0.2690886034005832,292.96718897791004,  55.21594051360054, 352808.5457536131,      0.0, 352808.5457536131,   1.0
 -0.04108888555096478, -0.04324635245457049,  7.84827303911417, 53.73729877380667, 57.28672257383317, 0.2690886034005832,291.96718897791004,  56.21594051360054,352522.33171081886,      0.0,352522.33171081886,   1.0
 -0.04108888555069378, -0.04324635245433658, 7.848273039119157, 53.73729877380918, 57.28672257384394, 0.2690886034007207, 291.9671889779202,  55.21594051359575,  352776.421355044,      0.0,  352776.421355044,   1.0
  0.29999939999999997, -0.04324635245433658, 7.848273039119157, 53.73729877380918, 57.28672257384394, 0.2690886034007207, 291.9671889779202,  55.21594051359575,273929.87471395236,      0.0,273929.87471395236,   1.0
 -0.04108888555069378,  0.29999939999999997, 7.848273039119157, 53.73729877380918, 57.28672257384394, 0.2690886034007207, 291.9671889779202,  55.21594051359575,320265.65905660053,      0.0,320265.65905660053,   1.0
 -0.04108888555069378, -0.04324635245433658, 8.848273039119157, 53.73729877380918, 57.28672257384394, 0.2690886034007207, 291.9671889779202,  55.21594051359575, 352312.3031311859,      0.0, 352312.3031311859,   1.0
 -0.04108888555069378, -0.04324635245433658, 7.848273039119157, 54.73729877380918, 57.28672257384394, 0.2690886034007207, 291.9671889779202,  55.21594051359575, 352722.5514792016,      0.0, 352722.5514792016,   1.0
 -0.04108888555069378, -0.04324635245433658, 7.848273039119157, 53.73729877380918, 58.28672257384394, 0.2690886034007207, 291.9671889779202,  55.21594051359575,351934.05371308955,      0.0,351934.05371308955,   1.0
 -0.04108888555069378, -0.04324635245433658, 7.848273039119157, 53.73729877380918, 57.28672257384394,         0.59999942, 291.9671889779202,  55.21594051359575,329839.76438737224,      0.0,329839.76438737224,   1.0
 -0.04108888555069378, -0.04324635245433658, 7.848273039119157, 53.73729877380918, 57.28672257384394, 0.2690886034007207, 292.9671889779202,  55.21594051359575, 352808.5457536131,      0.0, 352808.5457536131,   1.0
 -0.04108888555069378, -0.04324635245433658, 7.848273039119157, 53.73729877380918, 57.28672257384394, 0.2690886034007207, 291.9671889779202,  56.21594051359575,352522.33171081886,      0.0,352522.33171081886,   1.0
-0.041088885550872645,-0.043246352454490954, 7.848273039115866,53.737298773807524,57.286722573836826,   0.26908860340063, 291.9671889779135, 55.215940513598916,  352776.421355044,      0.0,  352776.421355044,   1.0
  0.29999939999999997,-0.043246352454490954, 7.848273039115866,53.737298773807524,57.286722573836826,   0.26908860340063, 291.9671889779135, 55.215940513598916,273929.87471395236,      0.0,273929.87471395236,   1.0
-0.041088885550872645,  0.29999939999999997, 7.848273039115866,53.737298773807524,57.286722573836826,   0.26908860340063, 291.9671889779135, 55.215940513598916,320265.65905660053,      0.0,320265.65905660053,   1.0
-0.041088885550872645,-0.043246352454490954, 8.848273039115867,53.737298773807524,57.286722573836826,   0.26908860340063, 291.9671889779135, 55.215940513598916, 352312.3031311859,      0.0, 352312.3031311859,   1.0
-0.041088885550872645,-0.043246352454490954, 7.848273039115866,54.737298773807524,57.286722573836826,   0.26908860340063, 291.9671889779135, 55.215940513598916, 352722.5514792016,      0.0, 352722.5514792016,   1.0
-0.041088885550872645,-0.043246352454490954, 7.848273039115866,53.737298773807524,58.286722573836826,   0.26908860340063, 291.9671889779135, 55.215940513598916,351934.05371308955,      0.0,351934.05371308955,   1.0
-0.041088885550872645,-0.043246352454490954, 7.848273039115866,53.737298773807524,57.286722573836826,         0.59999942, 291.9671889779135, 55.215940513598916,329839.76438737224,      0.0,329839.76438737224,   1.0
-0.041088885550872645,-0.043246352454490954, 7.848273039115866,53.737298773807524,57.286722573836826,   0.26908860340063, 292.9671889779135, 55.215940513598916, 352808.5457536131,      0.0, 352808.5457536131,   1.0
-0.041088885550872645,-0.043246352454490954, 7.848273039115866,53.737298773807524,57.286722573836826,   0.26908860340063, 291.9671889779135, 56.215940513598916,352522.33171081886,      0.0,352522.33171081886,   1.0
-0.041088885550731494, -0.04324635245436913, 7.848273039118463, 53.73729877380883, 57.28672257384244, 0.2690886034007016, 291.9671889779188, 55.215940513596415,  352776.421355044,      0.0,  352776.421355044,   1.0
  0.29999939999999997, -0.04324635245436913, 7.848273039118463, 53.73729877380883, 57.28672257384244, 0.2690886034007016, 291.9671889779188, 55.215940513596415,273929.87471395236,      0.0,273929.87471395236,   1.0
-0.041088885550731494,  0.29999939999999997, 7.848273039118463, 53.73729877380883, 57.28672257384244, 0.2690886034007016, 291.9671889779188, 55.215940513596415,320265.65905660053,      0.0,320265.65905660053,   1.0
-0.041088885550731494, -0.04324635245436913, 8.848273039118464, 53.73729877380883, 57.28672257384244, 0.2690886034007016, 291.9671889779188, 55.215940513596415, 352312.3031311859,      0.0, 352312.3031311859,   1.0
-0.041088885550731494, -0.04324635245436913, 7.848273039118463, 54.73729877380883, 57.28672257384244, 0.2690886034007016, 291.9671889779188, 55.215940513596415, 352722.5514792016,      0.0, 352722.5514792016,   1.0
-0.041088885550731494, -0.04324635245436913, 7.848273039118463, 53.73729877380883, 58.28672257384244, 0.2690886034007016, 291.9671889779188, 55.215940513596415,351934.05371308955,      0.0,351934.05371308955,   1.0
-0.041088885550731494, -0.04324635245436913, 7.848273039118463, 53.73729877380883, 57.28672257384244,         0.59999942, 291.9671889779188, 55.215940513596415,329839.76438737224,      0.0,329839.76438737224,   1.0
-0.041088885550731494, -0.04324635245436913, 7.848273039118463, 53.73729877380883, 57.28672257384244, 0.2690886034007016, 292.9671889779188, 55.215940513596415, 352808.5457536131,      0.0, 352808.5457536131,   1.0
-0.041088885550731494, -0.04324635245436913, 7.848273039118463, 53.73729877380883, 57.28672257384244, 0.2690886034007016, 291.9671889779188, 56.215940513596415,352522.33171081886,      0.0,352522.33171081886,   1.0
-0.041088885550701705, -0.04324635245434342, 7.848273039119011, 53.73729877380911,57.286722573843626, 0.2690886034007167,291.96718897791993,  55.21594051359588,  352776.421355044,      0.0,  352776.421355044,   1.0
  0.29999939999999997, -0.04324635245434342, 7.848273039119011, 53.73729877380911,57.286722573843626, 0.2690886034007167,291.96718897791993,  55.21594051359588,273929.87471395236,      0.0,273929.87471395236,   1.0
-0.041088885550701705,  0.29999939999999997, 7.848273039119011, 53.73729877380911,57.286722573843626, 0.2690886034007167,291.96718897791993,  55.21594051359588,320265.65905660053,      0.0,320265.65905660053,   1.0
-0.041088885550701705, -0.04324635245434342, 8.848273039119011, 53.73729877380911,57.286722573843626, 0.2690886034007167,291.96718897791993,  55.21594051359588, 352312.3031311859,      0.0, 352312.3031311859,   1.0
-0.041088885550701705, -0.04324635245434342, 7.848273039119011, 54.73729877380911,57.286722573843626, 0.2690886034007167,291.96718897791993,  55.21594051359588, 352722.5514792016,      0.0, 352722.5514792016,   1.0
-0.041088885550701705, -0.04324635245434342, 7.848273039119011, 53.73729877380911,58.286722573843626, 0.2690886034007167,291.96718897791993,  55.21594051359588,351934.05371308955,      0.0,351934.05371308955,   1.0
-0.041088885550701705, -0.04324635245434342, 7.848273039119011, 53.73729877380911,57.286722573843626,         0.59999942,291.96718897791993,  55.21594051359588,329839.76438737224,      0.0,329839.76438737224,   1.0
-0.041088885550701705, -0.04324635245434342, 7.848273039119011, 53.73729877380911,57.286722573843626, 0.2690886034007167,292.96718897791993,  55.21594051359588, 352808.5457536131,      0.0, 352808.5457536131,   1.0
-0.041088885550701705, -0.04324635245434342, 7.848273039119011, 53.73729877380911,57.286722573843626, 0.2690886034007167,291.96718897791993,  56.21594051359588,352522.33171081886,      0.0,352522.33171081886,   1.0
 -0.04108888555069378, -0.04324635245433658, 7.848273039119157, 53.73729877380918, 57.28672257384394, 0.2690886034007207, 291.9671889779202,  55.21594051359575,  352776.421355044,      0.0,  352776.421355044,   1.0
  0.29999939999999997, -0.04324635245433658, 7.848273039119157, 53.73729877380918, 57.28672257384394, 0.2690886034007207, 291.9671889779202,  55.21594051359575,273929.87471395236,      0.0,273929.87471395236,   1.0
 -0.04108888555069378,  0.29999939999999997, 7.848273039119157, 53.73729877380918, 57.28672257384394, 0.2690886034007207, 291.9671889779202,  55.21594051359575,320265.65905660053,      0.0,320265.65905660053,   1.0
 -0.04108888555069378, -0.04324635245433658, 8.848273039119157, 53.73729877380918, 57.28672257384394, 0.2690886034007207, 291.9671889779202,  55.21594051359575, 352312.3031311859,      0.0, 352312.3031311859,   1.0
 -0.04108888555069378, -0.04324635245433658, 7.848273039119157, 54.73729877380918, 57.28672257384394, 0.2690886034007207, 291.9671889779202,  55.21594051359575, 352722.5514792016,      0.0, 352722.5514792016,   1.0
 -0.04108888555069378, -0.04324635245433658, 7.848273039119157, 53.73729877380918, 58.28672257384394, 0.2690886034007207, 291.9671889779202,  55.21594051359575,351934.05371308955,      0.0,351934.05371308955,   1.0
 -0.04108888555069378, -0.04324635245433658, 7.848273039119157, 53.73729877380918, 57.28672257384394,         0.59999942, 291.9671889779202,  55.21594051359575,329839.76438737224,      0.0,329839.76438737224,   1.0
 -0.04108888555069378, -0.04324635245433658, 7.848273039119157, 53.73729877380918, 57.28672257384394, 0.2690886034007207, 292.9671889779202,  55.21594051359575, 352808.5457536131,      0.0, 352808.5457536131,   1.0
 -0.04108888555069378, -0.04324635245433658, 7.848273039119157, 53.73729877380918, 57.28672257384394, 0.2690886034007207, 291.9671889779202,  56.21594051359575,352522.33171081886,      0.0,352522.33171081886,   1.0
 -0.04108888555069378, -0.04324635245433658, 7.848273039119157, 53.73729877380918, 57.28672257384394, 0.2690886034007207, 291.9671889779202,  55.21594051359575,  352776.421355044,      0.0,  352776.421355044,   1.0
