           centre_ra,          centre_dec,             v_sys,       inclination,               phi,    turnover_radius,  maximum_velocity,velocity_dispersion,    log_likelihood,log_prior,     log_posterior,weight
     0.0544481763817,   -0.08747651782989, 14.10905601927272, 45.52205533352875, 40.27432140469102,   0.14171139091542, 274.8042917240025,  39.49990025610674, 287844.6628242063,      0.0, 287844.6628242063,   1.0
     0.0544481763817,   -0.08747651782989, 14.10905601927272, 45.52205533352875, 40.27432140469102,   0.14171139091542, 274.8042917240025,  39.49990025610674, 287844.6628242063,      0.0, 287844.6628242063,   1.0
-0.29999939999999997,   -0.08747651782989, 14.10905601927272, 45.52205533352875, 40.27432140469102,   0.14171139091542, 274.8042917240025,  39.49990025610674, 282016.1118267709,      0.0, 282016.1118267709,   1.0
     0.0544481763817,           0.2999994, 14.10905601927272, 45.52205533352875, 40.27432140469102,   0.14171139091542, 274.8042917240025,  39.49990025610674, 280027.4293024476,      0.0, 280027.4293024476,   1.0
     0.0544481763817,   -0.08747651782989, 15.10905601927272, 45.52205533352875, 40.27432140469102,   0.14171139091542, 274.8042917240025,  39.49990025610674,287842.38116760476,      0.0,287842.38116760476,   1.0
     0.0544481763817,   -0.08747651782989, 14.10905601927272, 46.52205533352875, 40.27432140469102,   0.14171139091542, 274.8042917240025,  39.49990025610674,  287839.544194874,      0.0,  287839.544194874,   1.0
     0.0544481763817,   -0.08747651782989, 14.10905601927272, 45.52205533352875, 41.27432140469102,   0.14171139091542, 274.8042917240025,  39.49990025610674,287840.22157258214,      0.0,287840.22157258214,   1.0
     0.0544481763817,   -0.08747651782989, 14.10905601927272, 45.52205533352875, 40.27432140469102,         0.59999942, 274.8042917240025,  39.49990025610674, 283944.5574333314,      0.0, 283944.5574333314,   1.0
     0.0544481763817,   -0.08747651782989, 14.10905601927272, 45.52205533352875, 40.27432140469102,   0.14171139091542, 275.8042917240025,  39.49990025610674,287842.98449876433,      0.0,287842.98449876433,   1.0
     0.0544481763817,   -0.08747651782989, 14.10905601927272, 45.52205533352875, 40.27432140469102,   0.14171139091542, 274.8042917240025,  40.49990025610674,287827.74634488596,      0.0,287827.74634488596,   1.0
 0.29999939999999997,-0.29999939999999997, 9.545742816279779, 35.28479666908911, 31.39181815651443,         0.02000058, 271.4476408401297,  5.666941615874453, 284395.3687867838,      0.0, 284395.3687867838,   1.0
-0.29999939999999997,-0.29999939999999997, 9.545742816279779, 35.28479666908911, 31.39181815651443,         0.02000058, 271.4476408401297,  5.666941615874453,273457.38748561265,      0.0,273457.38748561265,   1.0
 0.29999939999999997, 0.29999939999999997, 9.545742816279779, 35.28479666908911, 31.39181815651443,         0.02000058, 271.4476408401297,  5.666941615874453, 268650.8736017172,      0.0, 268650.8736017172,   1.0
 0.29999939999999997,-0.29999939999999997,10.545742816279779, 35.28479666908911, 31.39181815651443,         0.02000058, 271.4476408401297,  5.666941615874453, 284338.9558860371,      0.0, 284338.9558860371,   1.0
 0.29999939999999997,-0.29999939999999997, 9.545742816279779, 36.28479666908911, 31.39181815651443,         0.02000058, 271.4476408401297,  5.666941615874453, 284469.0382543336,      0.0, 284469.0382543336,   1.0
 0.29999939999999997,-0.29999939999999997, 9.545742816279779, 35.28479666908911, 32.39181815651443,         0.02000058, 271.4476408401297,  5.666941615874453, 284448.8558275802,      0.0, 284448.8558275802,   1.0
 0.29999939999999997,-0.29999939999999997, 9.545742816279779, 35.28479666908911, 31.39181815651443,         0.59999942, 271.4476408401297,  5.666941615874453,276709.93160767236,      0.0,276709.93160767236,   1.0
 0.29999939999999997,-0.29999939999999997, 9.545742816279779, 35.28479666908911, 31.39181815651443,         0.02000058, 272.4476408401297,  5.666941615874453,284422.66521078034,      0.0,284422.66521078034,   1.0
 0.29999939999999997,-0.29999939999999997, 9.545742816279779, 35.28479666908911, 31.39181815651443,         0.02000058, 271.4476408401297,  6.666941615874453, 284429.8207628037,      0.0, 284429.8207628037,   1.0
 0.09067606466741213,-0.11883150405217209,13.435798527435798, 44.01168101006878,38.963823616772714,0.12375454429077686,274.30906155799806,  34.50828739451191,   287859.63414066,      0.0,   287859.63414066,   1.0
-0.29999939999999997,-0.11883150405217209,13.435798527435798, 44.01168101006878,38.963823616772714,0.12375454429077686,274.30906155799806,  34.50828739451191, 280913.6404317011,      0.0, 280913.6404317011,   1.0
 0.09067606466741213, 0.29999939999999997,13.435798527435798, 44.01168101006878,38.963823616772714,0.12375454429077686,274.30906155799806,  34.50828739451191,278310.57512391947,      0.0,278310.57512391947,   1.0
 0.09067606466741213,-0.11883150405217209,14.435798527435798, 44.01168101006878,38.963823616772714,0.12375454429077686,274.30906155799806,  34.50828739451191,287857.89236956724,      0.0,287857.89236956724,   1.0
 0.09067606466741213,-0.11883150405217209,13.435798527435798, 45.01168101006878,38.963823616772714,0.12375454429077686,274.30906155799806,  34.50828739451191,287851.87858206534,      0.0,287851.87858206534,   1.0
 0.09067606466741213,-0.11883150405217209,13.435798527435798, 44.01168101006878,39.963823616772714,0.12375454429077686,274.30906155799806,  34.50828739451191,287860.03571169626,      0.0,287860.03571169626,   1.0
 0.09067606466741213,-0.11883150405217209,13.435798527435798, 44.01168101006878,38.963823616772714,         0.59999942,274.30906155799806,  34.50828739451191,283286.19617498433,      0.0,283286.19617498433,   1.0
 0.09067606466741213,-0.11883150405217209,13.435798527435798, 44.01168101006878,38.963823616772714,0.12375454429077686,275.30906155799806,  34.50828739451191,287859.05398517026,      0.0,287859.05398517026,   1.0
 0.09067606466741213,-0.11883150405217209,13.435798527435798, 44.01168101006878,38.963823616772714,0.12375454429077686,274.30906155799806,  35.50828739451191,287850.69575874065,      0.0,287850.69575874065,   1.0
 0.19533773233370605,-0.20941545202608605,11.490770671857788,39.648238839578944,35.177820886643566,0.07187756214538842, 272.8783511990639,  20.08761450519318,  286984.040622606,      0.0,  286984.040622606,   1.0
-0.29999939999999997,-0.20941545202608605,11.490770671857788,39.648238839578944,35.177820886643566,0.07187756214538842, 272.8783511990639,  20.08761450519318, 277190.4808796908,      0.0, 277190.4808796908,   1.0
 0.19533773233370605,           0.2999994,11.490770671857788,39.648238839578944,35.177820886643566,0.07187756214538842, 272.8783511990639,  20.08761450519318, 273073.3636109885,      0.0, 273073.3636109885,   1.0
 0.19533773233370605,-0.20941545202608605,12.490770671857788,39.648238839578944,35.177820886643566,0.07187756214538842, 272.8783511990639,  20.08761450519318, 286953.6926132272,      0.0, 286953.6926132272,   1.0
 0.19533773233370605,-0.20941545202608605,11.490770671857788,40.648238839578944,35.177820886643566,0.07187756214538842, 272.8783511990639,  20.08761450519318, 287015.8488256446,      0.0, 287015.8488256446,   1.0
 0.19533773233370605,-0.20941545202608605,11.490770671857788,39.648238839578944,36.177820886643566,0.07187756214538842, 272.8783511990639,  20.08761450519318,287013.50020822685,      0.0,287013.50020822685,   1.0
 0.19533773233370605,-0.20941545202608605,11.490770671857788,39.648238839578944,35.177820886643566,         0.59999942, 272.8783511990639,  20.08761450519318,  280248.561924336,      0.0,  280248.561924336,   1.0
 0.19533773233370605,-0.20941545202608605,11.490770671857788,39.648238839578944,35.177820886643566,0.07187756214538842, 273.8783511990639,  20.08761450519318, 286996.1029274154,      0.0, 286996.1029274154,   1.0
 0.19533773233370605,-0.20941545202608605,11.490770671857788,39.648238839578944,35.177820886643566,0.07187756214538842, 272.8783511990639,  21.08761450519318, 287013.7383192498,      0.0, 287013.7383192498,   1.0
 0.10831567806870636,-0.13409846719399274,13.107984723278408,  43.2762691376748, 38.32573303418562,0.11501122947576556,274.06793050989273,   32.0778360131603,287816.25475993566,      0.0,287816.25475993566,   1.0
-0.29999939999999997,-0.13409846719399274,13.107984723278408,  43.2762691376748, 38.32573303418562,0.11501122947576556,274.06793050989273,   32.0778360131603, 280353.7698495064,      0.0, 280353.7698495064,   1.0
 0.10831567806870636,  0.2999993999999999,13.107984723278408,  43.2762691376748, 38.32573303418562,0.11501122947576556,274.06793050989273,   32.0778360131603, 277473.1687377229,      0.0, 277473.1687377229,   1.0
 0.10831567806870636,-0.13409846719399274,14.107984723278408,  43.2762691376748, 38.32573303418562,0.11501122947576556,274.06793050989273,   32.0778360131603, 287814.0126888107,      0.0, 287814.0126888107,   1.0
 0.10831567806870636,-0.13409846719399274,13.107984723278408,  44.2762691376748, 38.32573303418562,0.11501122947576556,274.06793050989273,   32.0778360131603,287813.82304642524,      0.0,287813.82304642524,   1.0
 0.10831567806870636,-0.13409846719399274,13.107984723278408,  43.2762691376748, 39.32573303418562,0.11501122947576556,274.06793050989273,   32.0778360131603, 287822.3963591578,      0.0, 287822.3963591578,   1.0
 0.10831567806870636,-0.13409846719399274,13.107984723278408,  43.2762691376748, 38.32573303418562,         0.59999942,274.06793050989273,   32.0778360131603,282870.84209420433,      0.0,282870.84209420433,   1.0
 0.10831567806870636,-0.13409846719399274,13.107984723278408,  43.2762691376748, 38.32573303418562,0.11501122947576556,275.06793050989273,   32.0778360131603, 287816.9782156827,      0.0, 287816.9782156827,   1.0
 0.10831567806870636,-0.13409846719399274,13.107984723278408,  43.2762691376748, 38.32573303418562,0.11501122947576556,274.06793050989273,   33.0778360131603,287812.38936642226,      0.0,287812.38936642226,   1.0
 0.09412450905395435, -0.1218161087681743,13.371712787739561,  43.8679121595016, 38.83908052645836,0.12204527582736568, 274.2619218055362,  34.03314793243216,287852.76781803387,      0.0,287852.76781803387,   1.0
-0.29999939999999997, -0.1218161087681743,13.371712787739561,  43.8679121595016, 38.83908052645836,0.12204527582736568, 274.2619218055362,  34.03314793243216,280797.90894880315,      0.0,280797.90894880315,   1.0
 0.09412450905395435, 0.29999939999999997,13.371712787739561,  43.8679121595016, 38.83908052645836,0.12204527582736568, 274.2619218055362,  34.03314793243216, 278151.4663239611,      0.0, 278151.4663239611,   1.0
 0.09412450905395435, -0.1218161087681743,14.371712787739561,  43.8679121595016, 38.83908052645836,0.12204527582736568, 274.2619218055362,  34.03314793243216,287850.32463473413,      0.0,287850.32463473413,   1.0
 0.09412450905395435, -0.1218161087681743,13.371712787739561,  44.8679121595016, 38.83908052645836,0.12204527582736568, 274.2619218055362,  34.03314793243216, 287845.7374778801,      0.0, 287845.7374778801,   1.0
 0.09412450905395435, -0.1218161087681743,13.371712787739561,  43.8679121595016, 39.83908052645836,0.12204527582736568, 274.2619218055362,  34.03314793243216,287856.91780517827,      0.0,287856.91780517827,   1.0
 0.09412450905395435, -0.1218161087681743,13.371712787739561,  43.8679121595016, 38.83908052645836,         0.59999942, 274.2619218055362,  34.03314793243216,283218.18780827837,      0.0,283218.18780827837,   1.0
 0.09412450905395435, -0.1218161087681743,13.371712787739561,  43.8679121595016, 38.83908052645836,0.12204527582736568, 275.2619218055362,  34.03314793243216,287851.55008537613,      0.0,287851.55008537613,   1.0
 0.09412450905395435, -0.1218161087681743,13.371712787739561,  43.8679121595016, 38.83908052645836,0.12204527582736568, 274.2619218055362,  35.03314793243216,287844.42785157386,      0.0,287844.42785157386,   1.0
 0.09067606466741213,-0.11883150405217209,13.435798527435798, 44.01168101006878,38.963823616772714,0.12375454429077686,274.30906155799806,  34.50828739451191,   287859.63414066,      0.0,   287859.63414066,   1.0
-0.29999939999999997,-0.11883150405217209,13.435798527435798, 44.01168101006878,38.963823616772714,0.12375454429077686,274.30906155799806,  34.50828739451191, 280913.6404317011,      0.0, 280913.6404317011,   1.0
 0.09067606466741213, 0.29999939999999997,13.435798527435798, 44.01168101006878,38.963823616772714,0.12375454429077686,274.30906155799806,  34.50828739451191,278310.57512391947,      0.0,278310.57512391947,   1.0
 0.09067606466741213,-0.11883150405217209,14.435798527435798, 44.01168101006878,38.963823616772714,0.12375454429077686,274.30906155799806,  34.50828739451191,287857.89236956724,      0.0,287857.89236956724,   1.0
 0.09067606466741213,-0.11883150405217209,13.435798527435798, 45.01168101006878,38.963823616772714,0.12375454429077686,274.30906155799806,  34.50828739451191,287851.87858206534,      0.0,287851.87858206534,   1.0
 0.09067606466741213,-0.11883150405217209,13.435798527435798, 44.01168101006878,39.963823616772714,0.12375454429077686,274.30906155799806,  34.50828739451191,287860.03571169626,      0.0,287860.03571169626,   1.0
 0.09067606466741213,-0.11883150405217209,13.435798527435798, 44.01168101006878,38.963823616772714,         0.59999942,274.30906155799806,  34.50828739451191,283286.19617498433,      0.0,283286.19617498433,   1.0
 0.09067606466741213,-0.11883150405217209,13.435798527435798, 44.01168101006878,38.963823616772714,0.12375454429077686,275.30906155799806,  34.50828739451191,287859.05398517026,      0.0,287859.05398517026,   1.0
 0.09067606466741213,-0.11883150405217209,13.435798527435798, 44.01168101006878,38.963823616772714,0.12375454429077686,274.30906155799806,  35.50828739451191,287850.69575874065,      0.0,287850.69575874065,   1.0
 0.29999939999999997,-0.29999939999999997, 9.952256341719544,28.500563819840814, 39.76696568933686,         0.02000058,273.14875057846234, 16.631523554758726, 284141.4364796333,      0.0, 284141.4364796333,   1.0
-0.29999939999999997,-0.29999939999999997, 9.952256341719544,28.500563819840814, 39.76696568933686,         0.02000058,273.14875057846234, 16.631523554758726, 274959.3137192411,      0.0, 274959.3137192411,   1.0
 0.29999939999999997, 0.29999939999999997, 9.952256341719544,28.500563819840814, 39.76696568933686,         0.02000058,273.14875057846234, 16.631523554758726, 272393.7257475136,      0.0, 272393.7257475136,   1.0
 0.29999939999999997,-0.29999939999999997,10.952256341719544,28.500563819840814, 39.76696568933686,         0.02000058,273.14875057846234, 16.631523554758726,284160.69314233545,      0.0,284160.69314233545,   1.0
 0.29999939999999997,-0.29999939999999997, 9.952256341719544,29.500563819840814, 39.76696568933686,         0.02000058,273.14875057846234, 16.631523554758726,284360.49953694874,      0.0,284360.49953694874,   1.0
 0.29999939999999997,-0.29999939999999997, 9.952256341719544,28.500563819840814, 40.76696568933686,         0.02000058,273.14875057846234, 16.631523554758726, 284142.7243726354,      0.0, 284142.7243726354,   1.0
 0.29999939999999997,-0.29999939999999997, 9.952256341719544,28.500563819840814, 39.76696568933686,         0.59999942,273.14875057846234, 16.631523554758726, 277477.4022682403,      0.0, 277477.4022682403,   1.0
 0.29999939999999997,-0.29999939999999997, 9.952256341719544,28.500563819840814, 39.76696568933686,         0.02000058,274.14875057846234, 16.631523554758726,284175.58822717745,      0.0,284175.58822717745,   1.0
 0.29999939999999997,-0.29999939999999997, 9.952256341719544,28.500563819840814, 39.76696568933686,         0.02000058,273.14875057846234, 17.631523554758726, 284233.6464206062,      0.0, 284233.6464206062,   1.0
 0.12561141544241494,-0.14906780801728114,12.854407217173359, 41.42292845129743,39.097865289587695,0.10643836150094957,274.11540961272516, 31.524716477913604,287742.81843231485,      0.0,287742.81843231485,   1.0
-0.29999939999999997,-0.14906780801728114,12.854407217173359, 41.42292845129743,39.097865289587695,0.10643836150094957,274.11540961272516, 31.524716477913604,279761.55720176286,      0.0,279761.55720176286,   1.0
 0.12561141544241494, 0.29999939999999997,12.854407217173359, 41.42292845129743,39.097865289587695,0.10643836150094957,274.11540961272516, 31.524716477913604, 277201.5144221702,      0.0, 277201.5144221702,   1.0
 0.12561141544241494,-0.14906780801728114,13.854407217173359, 41.42292845129743,39.097865289587695,0.10643836150094957,274.11540961272516, 31.524716477913604, 287739.2661091908,      0.0, 287739.2661091908,   1.0
 0.12561141544241494,-0.14906780801728114,12.854407217173359, 42.42292845129743,39.097865289587695,0.10643836150094957,274.11540961272516, 31.524716477913604, 287749.4795427203,      0.0, 287749.4795427203,   1.0
 0.12561141544241494,-0.14906780801728114,12.854407217173359, 41.42292845129743,40.097865289587695,0.10643836150094957,274.11540961272516, 31.524716477913604,287744.79909171775,      0.0,287744.79909171775,   1.0
 0.12561141544241494,-0.14906780801728114,12.854407217173359, 41.42292845129743,39.097865289587695,         0.59999942,274.11540961272516, 31.524716477913604,  282563.698519179,      0.0,  282563.698519179,   1.0
 0.12561141544241494,-0.14906780801728114,12.854407217173359, 41.42292845129743,39.097865289587695,0.10643836150094957,275.11540961272516, 31.524716477913604,287747.22749260976,      0.0,287747.22749260976,   1.0
 0.12561141544241494,-0.14906780801728114,12.854407217173359, 41.42292845129743,39.097865289587695,0.10643836150094957,274.11540961272516,   32.5247164779136,287742.51808774454,      0.0,287742.51808774454,   1.0
 0.09735398650996344,-0.12461119912342063,13.324665086845041, 43.51683876936772, 38.98944579587915,0.12044454130765125,274.27204482490384, 33.937975290847305,287845.59678579256,      0.0,287845.59678579256,   1.0
          -0.2999994,-0.12461119912342063,13.324665086845041, 43.51683876936772, 38.98944579587915,0.12044454130765125,274.27204482490384, 33.937975290847305,280714.16412679135,      0.0,280714.16412679135,   1.0
 0.09735398650996344, 0.29999939999999997,13.324665086845041, 43.51683876936772, 38.98944579587915,0.12044454130765125,274.27204482490384, 33.937975290847305,278117.98520166066,      0.0,278117.98520166066,   1.0
 0.09735398650996344,-0.12461119912342063,14.324665086845041, 43.51683876936772, 38.98944579587915,0.12044454130765125,274.27204482490384, 33.937975290847305, 287843.4819810944,      0.0, 287843.4819810944,   1.0
 0.09735398650996344,-0.12461119912342063,13.324665086845041, 44.51683876936772, 38.98944579587915,0.12044454130765125,274.27204482490384, 33.937975290847305,287840.12454369967,      0.0,287840.12454369967,   1.0
 0.09735398650996344,-0.12461119912342063,13.324665086845041, 43.51683876936772, 39.98944579587915,0.12044454130765125,274.27204482490384, 33.937975290847305, 287845.3232938802,      0.0, 287845.3232938802,   1.0
 0.09735398650996344,-0.12461119912342063,13.324665086845041, 43.51683876936772, 38.98944579587915,         0.59999942,274.27204482490384, 33.937975290847305,283157.44364127173,      0.0,283157.44364127173,   1.0
 0.09735398650996344,-0.12461119912342063,13.324665086845041, 43.51683876936772, 38.98944579587915,0.12044454130765125,275.27204482490384, 33.937975290847305,287845.80970998266,      0.0,287845.80970998266,   1.0
 0.09735398650996344,-0.12461119912342063,13.324665086845041, 43.51683876936772, 38.98944579587915,0.12044454130765125,274.27204482490384, 34.937975290847305, 287838.8899030899,      0.0, 287838.8899030899,   1.0
 0.09200077126662727,-0.11997802843248874,13.413752866283254,43.913518618042836, 38.96890631623354,0.12309793540876977, 274.3017185085034, 34.395153963910374, 287858.4728103528,      0.0, 287858.4728103528,   1.0
-0.29999939999999997,-0.11997802843248874,13.413752866283254,43.913518618042836, 38.96890631623354,0.12309793540876977, 274.3017185085034, 34.395153963910374,280876.22724463773,      0.0,280876.22724463773,   1.0
 0.09200077126662727, 0.29999939999999997,13.413752866283254,43.913518618042836, 38.96890631623354,0.12309793540876977, 274.3017185085034, 34.395153963910374, 278260.6164048853,      0.0, 278260.6164048853,   1.0
 0.09200077126662727,-0.11997802843248874,14.413752866283254,43.913518618042836, 38.96890631623354,0.12309793540876977, 274.3017185085034, 34.395153963910374,287855.94924855325,      0.0,287855.94924855325,   1.0
 0.09200077126662727,-0.11997802843248874,13.413752866283254,44.913518618042836, 38.96890631623354,0.12309793540876977, 274.3017185085034, 34.395153963910374,287849.28604375484,      0.0,287849.28604375484,   1.0
 0.09200077126662727,-0.11997802843248874,13.413752866283254,43.913518618042836, 39.96890631623354,0.12309793540876977, 274.3017185085034, 34.395153963910374,287859.37283652974,      0.0,287859.37283652974,   1.0
 0.09200077126662727,-0.11997802843248874,13.413752866283254,43.913518618042836, 38.96890631623354,         0.59999942, 274.3017185085034, 34.395153963910374,   283265.40518281,      0.0,   283265.40518281,   1.0
 0.09200077126662727,-0.11997802843248874,13.413752866283254,43.913518618042836, 38.96890631623354,0.12309793540876977, 275.3017185085034, 34.395153963910374, 287857.6017587973,      0.0, 287857.6017587973,   1.0
 0.09200077126662727,-0.11997802843248874,13.413752866283254,43.913518618042836, 38.96890631623354,0.12309793540876977, 274.3017185085034, 35.395153963910374, 287849.7479837056,      0.0, 287849.7479837056,   1.0
  0.0909480785604758,-0.11906693019133915,13.431271694008064, 43.99152444526927,38.964867293061815,0.12361971689705756, 274.3075537437536,  34.48505669202141, 287859.0238360382,      0.0, 287859.0238360382,   1.0
-0.29999939999999997,-0.11906693019133915,13.431271694008064, 43.99152444526927,38.964867293061815,0.12361971689705756, 274.3075537437536,  34.48505669202141, 280906.7588446525,      0.0, 280906.7588446525,   1.0
  0.0909480785604758,  0.2999993999999999,13.431271694008064, 43.99152444526927,38.964867293061815,0.12361971689705756, 274.3075537437536,  34.48505669202141,278304.54898150626,      0.0,278304.54898150626,   1.0
  0.0909480785604758,-0.11906693019133915,14.431271694008064, 43.99152444526927,38.964867293061815,0.12361971689705756, 274.3075537437536,  34.48505669202141,287857.39734310197,      0.0,287857.39734310197,   1.0
  0.0909480785604758,-0.11906693019133915,13.431271694008064, 44.99152444526927,38.964867293061815,0.12361971689705756, 274.3075537437536,  34.48505669202141, 287851.6896949617,      0.0, 287851.6896949617,   1.0
  0.0909480785604758,-0.11906693019133915,13.431271694008064, 43.99152444526927,39.964867293061815,0.12361971689705756, 274.3075537437536,  34.48505669202141,287859.27051364264,      0.0,287859.27051364264,   1.0
  0.0909480785604758,-0.11906693019133915,13.431271694008064, 43.99152444526927,38.964867293061815,         0.59999942, 274.3075537437536,  34.48505669202141, 283284.5654938078,      0.0, 283284.5654938078,   1.0
  0.0909480785604758,-0.11906693019133915,13.431271694008064, 43.99152444526927,38.964867293061815,0.12361971689705756, 275.3075537437536,  34.48505669202141, 287859.0146642389,      0.0, 287859.0146642389,   1.0
  0.0909480785604758,-0.11906693019133915,13.431271694008064, 43.99152444526927,38.964867293061815,0.12361971689705756, 274.3075537437536,  35.48505669202141, 287850.1866913233,      0.0, 287850.1866913233,   1.0
 0.09072981722230648,-0.11887802651588383,13.434903981721309,44.007697879487964,38.964029857220176,0.12372790110428174,274.30876359943784,  34.50369678483094, 287859.9279650581,      0.0, 287859.9279650581,   1.0
-0.29999939999999997,-0.11887802651588383,13.434903981721309,44.007697879487964,38.964029857220176,0.12372790110428174,274.30876359943784,  34.50369678483094,280907.98290740506,      0.0,280907.98290740506,   1.0
 0.09072981722230648,  0.2999993999999999,13.434903981721309,44.007697879487964,38.964029857220176,0.12372790110428174,274.30876359943784,  34.50369678483094,278309.87491144903,      0.0,278309.87491144903,   1.0
 0.09072981722230648,-0.11887802651588383,14.434903981721309,44.007697879487964,38.964029857220176,0.12372790110428174,274.30876359943784,  34.50369678483094, 287858.2005259475,      0.0, 287858.2005259475,   1.0
 0.09072981722230648,-0.11887802651588383,13.434903981721309,45.007697879487964,38.964029857220176,0.12372790110428174,274.30876359943784,  34.50369678483094,287851.97025323485,      0.0,287851.97025323485,   1.0
 0.09072981722230648,-0.11887802651588383,13.434903981721309,44.007697879487964,39.964029857220176,0.12372790110428174,274.30876359943784,  34.50369678483094, 287860.4089185211,      0.0, 287860.4089185211,   1.0
 0.09072981722230648,-0.11887802651588383,13.434903981721309,44.007697879487964,38.964029857220176,         0.59999942,274.30876359943784,  34.50369678483094,283286.29610639374,      0.0,283286.29610639374,   1.0
 0.09072981722230648,-0.11887802651588383,13.434903981721309,44.007697879487964,38.964029857220176,0.12372790110428174,275.30876359943784,  34.50369678483094,287859.23318297334,      0.0,287859.23318297334,   1.0
 0.09072981722230648,-0.11887802651588383,13.434903981721309,44.007697879487964,38.964029857220176,0.12372790110428174,274.30876359943784,  35.50369678483094,  287850.862310476,      0.0,  287850.862310476,   1.0
 0.09077072839667617,-0.11891343485375278,13.434223141233279, 44.00466631103417,38.964186827226996,0.12370762292307512,274.30853682259647, 34.500202862849186,287859.79302854754,      0.0,287859.79302854754,   1.0
-0.29999939999999997,-0.11891343485375278,13.434223141233279, 44.00466631103417,38.964186827226996,0.12370762292307512,274.30853682259647, 34.500202862849186,280907.06100448244,      0.0,280907.06100448244,   1.0
 0.09077072839667617, 0.29999939999999997,13.434223141233279, 44.00466631103417,38.964186827226996,0.12370762292307512,274.30853682259647, 34.500202862849186,278307.96278853214,      0.0,278307.96278853214,   1.0
 0.09077072839667617,-0.11891343485375278,14.434223141233279, 44.00466631103417,38.964186827226996,0.12370762292307512,274.30853682259647, 34.500202862849186, 287857.9142071344,      0.0, 287857.9142071344,   1.0
 0.09077072839667617,-0.11891343485375278,13.434223141233279, 45.00466631103417,38.964186827226996,0.12370762292307512,274.30853682259647, 34.500202862849186,287852.01168668544,      0.0,287852.01168668544,   1.0
 0.09077072839667617,-0.11891343485375278,13.434223141233279, 44.00466631103417,39.964186827226996,0.12370762292307512,274.30853682259647, 34.500202862849186, 287860.5465061905,      0.0, 287860.5465061905,   1.0
 0.09077072839667617,-0.11891343485375278,13.434223141233279, 44.00466631103417,38.964186827226996,         0.59999942,274.30853682259647, 34.500202862849186, 283286.2201949973,      0.0, 283286.2201949973,   1.0
 0.09077072839667617,-0.11891343485375278,13.434223141233279, 44.00466631103417,38.964186827226996,0.12370762292307512,275.30853682259647, 34.500202862849186, 287858.9680220131,      0.0, 287858.9680220131,   1.0
 0.09077072839667617,-0.11891343485375278,13.434223141233279, 44.00466631103417,38.964186827226996,0.12370762292307512,274.30853682259647, 35.500202862849186,287850.57693519734,      0.0,287850.57693519734,   1.0
 0.09073766049715373, -0.1188848148159038,13.434773454569326,44.007116683153036, 38.96405995068303,0.12372401347819775,274.30872012297635,  34.50302694851312, 287859.9357619397,      0.0, 287859.9357619397,   1.0
          -0.2999994, -0.1188848148159038,13.434773454569326,44.007116683153036, 38.96405995068303,0.12372401347819775,274.30872012297635,  34.50302694851312, 280908.0352220472,      0.0, 280908.0352220472,   1.0
 0.09073766049715373, 0.29999939999999997,13.434773454569326,44.007116683153036, 38.96405995068303,0.12372401347819775,274.30872012297635,  34.50302694851312, 278309.8211218999,      0.0, 278309.8211218999,   1.0
 0.09073766049715373, -0.1188848148159038,14.434773454569326,44.007116683153036, 38.96405995068303,0.12372401347819775,274.30872012297635,  34.50302694851312,287858.18381839065,      0.0,287858.18381839065,   1.0
 0.09073766049715373, -0.1188848148159038,13.434773454569326,45.007116683153036, 38.96405995068303,0.12372401347819775,274.30872012297635,  34.50302694851312, 287852.0573318719,      0.0, 287852.0573318719,   1.0
 0.09073766049715373, -0.1188848148159038,13.434773454569326,44.007116683153036, 39.96405995068303,0.12372401347819775,274.30872012297635,  34.50302694851312,287860.38654846826,      0.0,287860.38654846826,   1.0
 0.09073766049715373, -0.1188848148159038,13.434773454569326,44.007116683153036, 38.96405995068303,         0.59999942,274.30872012297635,  34.50302694851312, 283286.1898456449,      0.0, 283286.1898456449,   1.0
 0.09073766049715373, -0.1188848148159038,13.434773454569326,44.007116683153036, 38.96405995068303,0.12372401347819775,275.30872012297635,  34.50302694851312, 287859.2286945931,      0.0, 287859.2286945931,   1.0
 0.09073766049715373, -0.1188848148159038,13.434773454569326,44.007116683153036, 38.96405995068303,0.12372401347819775,274.30872012297635,  35.50302694851312,287850.84842511074,      0.0,287850.84842511074,   1.0
 0.09075948531083855,-0.11890370404088413,13.434410247767534, 44.00549943755458, 38.96414368920205,0.12371319571181681,274.30859914472563,  34.50116305197492,287859.68121121114,      0.0,287859.68121121114,   1.0
-0.29999939999999997,-0.11890370404088413,13.434410247767534, 44.00549943755458, 38.96414368920205,0.12371319571181681,274.30859914472563,  34.50116305197492, 280907.3050395612,      0.0, 280907.3050395612,   1.0
 0.09075948531083855, 0.29999939999999997,13.434410247767534, 44.00549943755458, 38.96414368920205,0.12371319571181681,274.30859914472563,  34.50116305197492, 278309.2138955506,      0.0, 278309.2138955506,   1.0
 0.09075948531083855,-0.11890370404088413,14.434410247767534, 44.00549943755458, 38.96414368920205,0.12371319571181681,274.30859914472563,  34.50116305197492,287857.92668862315,      0.0,287857.92668862315,   1.0
 0.09075948531083855,-0.11890370404088413,13.434410247767534, 45.00549943755458, 38.96414368920205,0.12371319571181681,274.30859914472563,  34.50116305197492,287851.98154423217,      0.0,287851.98154423217,   1.0
 0.09075948531083855,-0.11890370404088413,13.434410247767534, 44.00549943755458, 39.96414368920205,0.12371319571181681,274.30859914472563,  34.50116305197492,287860.39931270375,      0.0,287860.39931270375,   1.0
 0.09075948531083855,-0.11890370404088413,13.434410247767534, 44.00549943755458, 38.96414368920205,         0.59999942,274.30859914472563,  34.50116305197492, 283286.1847978175,      0.0, 283286.1847978175,   1.0
 0.09075948531083855,-0.11890370404088413,13.434410247767534, 44.00549943755458, 38.96414368920205,0.12371319571181681,275.30859914472563,  34.50116305197492,287858.96918702935,      0.0,287858.96918702935,   1.0
 0.09075948531083855,-0.11890370404088413,13.434410247767534, 44.00549943755458, 38.96414368920205,0.12371319571181681,274.30859914472563,  35.50116305197492, 287850.5824878035,      0.0, 287850.5824878035,   1.0
 0.09074106154816129,-0.11888775840197877,13.434716854550786, 44.00686466108075,38.964073000002884,0.12372232770090862,274.30870127043505,  34.50273648980448, 287859.9351030153,      0.0, 287859.9351030153,   1.0
-0.29999939999999997,-0.11888775840197877,13.434716854550786, 44.00686466108075,38.964073000002884,0.12372232770090862,274.30870127043505,  34.50273648980448,280907.97886260384,      0.0,280907.97886260384,   1.0
 0.09074106154816129,           0.2999994,13.434716854550786, 44.00686466108075,38.964073000002884,0.12372232770090862,274.30870127043505,  34.50273648980448, 278309.8196969124,      0.0, 278309.8196969124,   1.0
 0.09074106154816129,-0.11888775840197877,14.434716854550786, 44.00686466108075,38.964073000002884,0.12372232770090862,274.30870127043505,  34.50273648980448, 287858.1911877256,      0.0, 287858.1911877256,   1.0
 0.09074106154816129,-0.11888775840197877,13.434716854550786, 45.00686466108075,38.964073000002884,0.12372232770090862,274.30870127043505,  34.50273648980448, 287852.0569995176,      0.0, 287852.0569995176,   1.0
 0.09074106154816129,-0.11888775840197877,13.434716854550786, 44.00686466108075,39.964073000002884,0.12372232770090862,274.30870127043505,  34.50273648980448,  287860.392364309,      0.0,  287860.392364309,   1.0
 0.09074106154816129,-0.11888775840197877,13.434716854550786, 44.00686466108075,38.964073000002884,         0.59999942,274.30870127043505,  34.50273648980448, 283286.1847287588,      0.0, 283286.1847287588,   1.0
 0.09074106154816129,-0.11888775840197877,13.434716854550786, 44.00686466108075,38.964073000002884,0.12372232770090862,275.30870127043505,  34.50273648980448,287859.26022693113,      0.0,287859.26022693113,   1.0
 0.09074106154816129,-0.11888775840197877,13.434716854550786, 44.00686466108075,38.964073000002884,0.12372232770090862,274.30870127043505,  35.50273648980448, 287850.8538274444,      0.0, 287850.8538274444,   1.0
 0.09073766049715373, -0.1188848148159038,13.434773454569326,44.007116683153036, 38.96405995068303,0.12372401347819775,274.30872012297635,  34.50302694851312, 287859.9357619397,      0.0, 287859.9357619397,   1.0
          -0.2999994, -0.1188848148159038,13.434773454569326,44.007116683153036, 38.96405995068303,0.12372401347819775,274.30872012297635,  34.50302694851312, 280908.0352220472,      0.0, 280908.0352220472,   1.0
 0.09073766049715373, 0.29999939999999997,13.434773454569326,44.007116683153036, 38.96405995068303,0.12372401347819775,274.30872012297635,  34.50302694851312, 278309.8211218999,      0.0, 278309.8211218999,   1.0
 0.09073766049715373, -0.1188848148159038,14.434773454569326,44.007116683153036, 38.96405995068303,0.12372401347819775,274.30872012297635,  34.50302694851312,287858.18381839065,      0.0,287858.18381839065,   1.0
 0.09073766049715373, -0.1188848148159038,13.434773454569326,45.007116683153036, 38.96405995068303,0.12372401347819775,274.30872012297635,  34.50302694851312, 287852.0573318719,      0.0, 287852.0573318719,   1.0
 0.09073766049715373, -0.1188848148159038,13.434773454569326,44.007116683153036, 39.96405995068303,0.12372401347819775,274.30872012297635,  34.50302694851312,287860.38654846826,      0.0,287860.38654846826,   1.0
 0.09073766049715373, -0.1188848148159038,13.434773454569326,44.007116683153036, 38.96405995068303,         0.59999942,274.30872012297635,  34.50302694851312, 283286.1898456449,      0.0, 283286.1898456449,   1.0
 0.09073766049715373, -0.1188848148159038,13.434773454569326,44.007116683153036, 38.96405995068303,0.12372401347819775,275.30872012297635,  34.50302694851312, 287859.2286945931,      0.0, 287859.2286945931,   1.0
 0.09073766049715373, -0.1188848148159038,13.434773454569326,44.007116683153036, 38.96405995068303,0.12372401347819775,274.30872012297635,  35.50302694851312,287850.84842511074,      0.0,287850.84842511074,   1.0
 0.29999939999999997,-0.29999939999999997,  9.93088635668186,   28.250256548294,  39.8656330078113,         0.02000058,272.89458542994265, 16.328353291490522,284057.08663826727,      0.0,284057.08663826727,   1.0
-0.29999939999999997,-0.29999939999999997,  9.93088635668186,   28.250256548294,  39.8656330078113,         0.02000058,272.89458542994265, 16.328353291490522, 274913.1563548833,      0.0, 274913.1563548833,   1.0
 0.29999939999999997, 0.29999939999999997,  9.93088635668186,   28.250256548294,  39.8656330078113,         0.02000058,272.89458542994265, 16.328353291490522,272364.41528791894,      0.0,272364.41528791894,   1.0
 0.29999939999999997,-0.29999939999999997, 10.93088635668186,   28.250256548294,  39.8656330078113,         0.02000058,272.89458542994265, 16.328353291490522,284065.49692893546,      0.0,284065.49692893546,   1.0
 0.29999939999999997,-0.29999939999999997,  9.93088635668186,   29.250256548294,  39.8656330078113,         0.02000058,272.89458542994265, 16.328353291490522,284275.81781382114,      0.0,284275.81781382114,   1.0
 0.29999939999999997,-0.29999939999999997,  9.93088635668186,   28.250256548294,  40.8656330078113,         0.02000058,272.89458542994265, 16.328353291490522, 284047.1814265818,      0.0, 284047.1814265818,   1.0
 0.29999939999999997,-0.29999939999999997,  9.93088635668186,   28.250256548294,  39.8656330078113,         0.59999942,272.89458542994265, 16.328353291490522,277369.62964129617,      0.0,277369.62964129617,   1.0
 0.29999939999999997,-0.29999939999999997,  9.93088635668186,   28.250256548294,  39.8656330078113,         0.02000058,273.89458542994265, 16.328353291490522, 284091.0856716599,      0.0, 284091.0856716599,   1.0
 0.29999939999999997,-0.29999939999999997,  9.93088635668186,   28.250256548294,  39.8656330078113,         0.02000058,272.89458542994265, 17.328353291490522,  284149.882115209,      0.0,  284149.882115209,   1.0
  0.1254657669506077, -0.1489417502570856, 12.85328462423938, 41.39218135175612,39.113680828240014, 0.1065105541611418, 274.0740368967169, 31.486842513568757, 287742.9315278507,      0.0, 287742.9315278507,   1.0
 -0.2999993999999999, -0.1489417502570856, 12.85328462423938, 41.39218135175612,39.113680828240014, 0.1065105541611418, 274.0740368967169, 31.486842513568757, 279762.1371656506,      0.0, 279762.1371656506,   1.0
  0.1254657669506077,           0.2999994, 12.85328462423938, 41.39218135175612,39.113680828240014, 0.1065105541611418, 274.0740368967169, 31.486842513568757,  277219.473852831,      0.0,  277219.473852831,   1.0
  0.1254657669506077, -0.1489417502570856, 13.85328462423938, 41.39218135175612,39.113680828240014, 0.1065105541611418, 274.0740368967169, 31.486842513568757,  287739.307694665,      0.0,  287739.307694665,   1.0
  0.1254657669506077, -0.1489417502570856, 12.85328462423938, 42.39218135175612,39.113680828240014, 0.1065105541611418, 274.0740368967169, 31.486842513568757,287750.13917789067,      0.0,287750.13917789067,   1.0
  0.1254657669506077, -0.1489417502570856, 12.85328462423938, 41.39218135175612,40.113680828240014, 0.1065105541611418, 274.0740368967169, 31.486842513568757,287744.77212742256,      0.0,287744.77212742256,   1.0
  0.1254657669506077, -0.1489417502570856, 12.85328462423938, 41.39218135175612,39.113680828240014,         0.59999942, 274.0740368967169, 31.486842513568757,282552.57072636805,      0.0,282552.57072636805,   1.0
  0.1254657669506077, -0.1489417502570856, 12.85328462423938, 41.39218135175612,39.113680828240014, 0.1065105541611418, 275.0740368967169, 31.486842513568757,287746.98518236756,      0.0,287746.98518236756,   1.0
  0.1254657669506077, -0.1489417502570856, 12.85328462423938, 41.39218135175612,39.113680828240014, 0.1065105541611418, 274.0740368967169,  32.48684251356876, 287742.3239990871,      0.0, 287742.3239990871,   1.0
  0.0973771798624521,-0.12463127280925061,13.323601071621956,43.507178289014476, 38.99266533161055,0.12043304520635863, 274.2638520324126,  33.92637544026099,287845.43700579053,      0.0,287845.43700579053,   1.0
-0.29999939999999997,-0.12463127280925061,13.323601071621956,43.507178289014476, 38.99266533161055,0.12043304520635863, 274.2638520324126,  33.92637544026099, 280714.0450031001,      0.0, 280714.0450031001,   1.0
  0.0973771798624521, 0.29999939999999997,13.323601071621956,43.507178289014476, 38.99266533161055,0.12043304520635863, 274.2638520324126,  33.92637544026099,278116.23386373086,      0.0,278116.23386373086,   1.0
  0.0973771798624521,-0.12463127280925061,14.323601071621956,43.507178289014476, 38.99266533161055,0.12043304520635863, 274.2638520324126,  33.92637544026099, 287843.3632636822,      0.0, 287843.3632636822,   1.0
  0.0973771798624521,-0.12463127280925061,13.323601071621956,44.507178289014476, 38.99266533161055,0.12043304520635863, 274.2638520324126,  33.92637544026099,287838.85333786765,      0.0,287838.85333786765,   1.0
  0.0973771798624521,-0.12463127280925061,13.323601071621956,43.507178289014476, 39.99266533161055,0.12043304520635863, 274.2638520324126,  33.92637544026099, 287845.1523192284,      0.0, 287845.1523192284,   1.0
  0.0973771798624521,-0.12463127280925061,13.323601071621956,43.507178289014476, 38.99266533161055,         0.59999942, 274.2638520324126,  33.92637544026099, 283154.9040916972,      0.0, 283154.9040916972,   1.0
  0.0973771798624521,-0.12463127280925061,13.323601071621956,43.507178289014476, 38.99266533161055,0.12043304520635863, 275.2638520324126,  33.92637544026099,287845.78443781094,      0.0,287845.78443781094,   1.0
  0.0973771798624521,-0.12463127280925061,13.323601071621956,43.507178289014476, 38.99266533161055,0.12043304520635863, 274.2638520324126,  34.92637544026099,287838.66615848657,      0.0,287838.66615848657,   1.0
 0.09205120638329266,-0.12002167967640588,13.412779388698231, 43.90821012308246,   38.969719167619,0.12307293655575041, 274.2998435322871,  34.38894365803289, 287858.5515420629,      0.0, 287858.5515420629,   1.0
-0.29999939999999997,-0.12002167967640588,13.412779388698231, 43.90821012308246,   38.969719167619,0.12307293655575041, 274.2998435322871,  34.38894365803289,280873.97155765817,      0.0,280873.97155765817,   1.0
 0.09205120638329266, 0.29999939999999997,13.412779388698231, 43.90821012308246,   38.969719167619,0.12307293655575041, 274.2998435322871,  34.38894365803289, 278259.5845719986,      0.0, 278259.5845719986,   1.0
 0.09205120638329266,-0.12002167967640588,14.412779388698231, 43.90821012308246,   38.969719167619,0.12307293655575041, 274.2998435322871,  34.38894365803289, 287856.2189059166,      0.0, 287856.2189059166,   1.0
 0.09205120638329266,-0.12002167967640588,13.412779388698231, 44.90821012308246,   38.969719167619,0.12307293655575041, 274.2998435322871,  34.38894365803289,287849.21902208094,      0.0,287849.21902208094,   1.0
 0.09205120638329266,-0.12002167967640588,13.412779388698231, 43.90821012308246,   39.969719167619,0.12307293655575041, 274.2998435322871,  34.38894365803289, 287859.3207860184,      0.0, 287859.3207860184,   1.0
 0.09205120638329266,-0.12002167967640588,13.412779388698231, 43.90821012308246,   38.969719167619,         0.59999942, 274.2998435322871,  34.38894365803289,283263.53278883646,      0.0,283263.53278883646,   1.0
 0.09205120638329266,-0.12002167967640588,13.412779388698231, 43.90821012308246,   38.969719167619,0.12307293655575041, 275.2998435322871,  34.38894365803289,287857.77722872485,      0.0,287857.77722872485,   1.0
 0.09205120638329266,-0.12002167967640588,13.412779388698231, 43.90821012308246,   38.969719167619,0.12307293655575041, 274.2998435322871,  35.38894365803289, 287849.8008640217,      0.0, 287849.8008640217,   1.0
 0.09100600162751303,-0.11911706220440549,13.430280339742257,43.986911299839555,   38.965216058502,0.12359100653937362,274.30690674561026, 34.479721147440145, 287858.9818398665,      0.0, 287858.9818398665,   1.0
-0.29999939999999997,-0.11911706220440549,13.430280339742257,43.986911299839555,   38.965216058502,0.12359100653937362,274.30690674561026, 34.479721147440145, 280906.0379027518,      0.0, 280906.0379027518,   1.0
 0.09100600162751303, 0.29999939999999997,13.430280339742257,43.986911299839555,   38.965216058502,0.12359100653937362,274.30690674561026, 34.479721147440145,278303.11779235606,      0.0,278303.11779235606,   1.0
 0.09100600162751303,-0.11911706220440549,14.430280339742257,43.986911299839555,   38.965216058502,0.12359100653937362,274.30690674561026, 34.479721147440145,287857.25527103303,      0.0,287857.25527103303,   1.0
 0.09100600162751303,-0.11911706220440549,13.430280339742257,44.986911299839555,   38.965216058502,0.12359100653937362,274.30690674561026, 34.479721147440145,  287850.799193453,      0.0,  287850.799193453,   1.0
 0.09100600162751303,-0.11911706220440549,13.430280339742257,43.986911299839555,   39.965216058502,0.12359100653937362,274.30690674561026, 34.479721147440145,287859.70708150323,      0.0,287859.70708150323,   1.0
 0.09100600162751303,-0.11911706220440549,13.430280339742257,43.986911299839555,   38.965216058502,         0.59999942,274.30690674561026, 34.479721147440145, 283284.8785351765,      0.0, 283284.8785351765,   1.0
 0.09100600162751303,-0.11911706220440549,13.430280339742257,43.986911299839555,   38.965216058502,0.12359100653937362,275.30690674561026, 34.479721147440145,287858.91171931534,      0.0,287858.91171931534,   1.0
 0.09100600162751303,-0.11911706220440549,13.430280339742257,43.986911299839555,   38.965216058502,0.12359100653937362,274.30690674561026, 35.479721147440145, 287850.0407496079,      0.0, 287850.0407496079,   1.0
 0.09078874584602006, -0.1189290288312842,13.433918079405146, 44.00327009036957,38.964280044304836,0.12369869232872516,274.30837490189435,  34.49859011478275, 287859.5360938364,      0.0, 287859.5360938364,   1.0
          -0.2999994, -0.1189290288312842,13.433918079405146, 44.00327009036957,38.964280044304836,0.12369869232872516,274.30837490189435,  34.49859011478275,280906.85947173886,      0.0,280906.85947173886,   1.0
 0.09078874584602006, 0.29999939999999997,13.433918079405146, 44.00327009036957,38.964280044304836,0.12369869232872516,274.30837490189435,  34.49859011478275,278308.07410280453,      0.0,278308.07410280453,   1.0
 0.09078874584602006, -0.1189290288312842,14.433918079405146, 44.00327009036957,38.964280044304836,0.12369869232872516,274.30837490189435,  34.49859011478275,287857.78506235464,      0.0,287857.78506235464,   1.0
 0.09078874584602006, -0.1189290288312842,13.433918079405146, 45.00327009036957,38.964280044304836,0.12369869232872516,274.30837490189435,  34.49859011478275, 287852.0189177943,      0.0, 287852.0189177943,   1.0
 0.09078874584602006, -0.1189290288312842,13.433918079405146, 44.00327009036957,39.964280044304836,0.12369869232872516,274.30837490189435,  34.49859011478275, 287860.5726802439,      0.0, 287860.5726802439,   1.0
 0.09078874584602006, -0.1189290288312842,13.433918079405146, 44.00327009036957,38.964280044304836,         0.59999942,274.30837490189435,  34.49859011478275, 283285.2262491827,      0.0, 283285.2262491827,   1.0
 0.09078874584602006, -0.1189290288312842,13.433918079405146, 44.00327009036957,38.964280044304836,0.12369869232872516,275.30837490189435,  34.49859011478275, 287859.0631278222,      0.0, 287859.0631278222,   1.0
 0.09078874584602006, -0.1189290288312842,13.433918079405146, 44.00327009036957,38.964280044304836,0.12369869232872516,274.30837490189435,  35.49859011478275,287850.40065082285,      0.0,287850.40065082285,   1.0
 0.09074636655016526,-0.11889234984444517,13.434627680062754, 44.00646114019542, 38.96409745941658,0.12371969820435676,274.30866128980585,  34.50227081567822,287859.97552961553,      0.0,287859.97552961553,   1.0
-0.29999939999999997,-0.11889234984444517,13.434627680062754, 44.00646114019542, 38.96409745941658,0.12371969820435676,274.30866128980585,  34.50227081567822,280907.78581821936,      0.0,280907.78581821936,   1.0
 0.09074636655016526, 0.29999939999999997,13.434627680062754, 44.00646114019542, 38.96409745941658,0.12371969820435676,274.30866128980585,  34.50227081567822, 278309.5097831581,      0.0, 278309.5097831581,   1.0
 0.09074636655016526,-0.11889234984444517,14.434627680062754, 44.00646114019542, 38.96409745941658,0.12371969820435676,274.30866128980585,  34.50227081567822,287858.17590057896,      0.0,287858.17590057896,   1.0
 0.09074636655016526,-0.11889234984444517,13.434627680062754, 45.00646114019542, 38.96409745941658,0.12371969820435676,274.30866128980585,  34.50227081567822, 287852.0577257468,      0.0, 287852.0577257468,   1.0
 0.09074636655016526,-0.11889234984444517,13.434627680062754, 44.00646114019542, 39.96409745941658,0.12371969820435676,274.30866128980585,  34.50227081567822,287860.38559823466,      0.0,287860.38559823466,   1.0
 0.09074636655016526,-0.11889234984444517,13.434627680062754, 44.00646114019542, 38.96409745941658,         0.59999942,274.30866128980585,  34.50227081567822,283286.00782732817,      0.0,283286.00782732817,   1.0
 0.09074636655016526,-0.11889234984444517,13.434627680062754, 44.00646114019542, 38.96409745941658,0.12371969820435676,275.30866128980585,  34.50227081567822,287859.24583144905,      0.0,287859.24583144905,   1.0
 0.09074636655016526,-0.11889234984444517,13.434627680062754, 44.00646114019542, 38.96409745941658,0.12371969820435676,274.30866128980585,  35.50227081567822, 287850.8474334291,      0.0, 287850.8474334291,   1.0
 0.09075316798685246, -0.1188982364407584,13.434513796529567, 44.00594900985162, 38.96412676239419,0.12371632697955734,274.30861532752147,  34.50168010142495,287859.98687560076,      0.0,287859.98687560076,   1.0
-0.29999939999999997, -0.1188982364407584,13.434513796529567, 44.00594900985162, 38.96412676239419,0.12371632697955734,274.30861532752147,  34.50168010142495,280907.07178686344,      0.0,280907.07178686344,   1.0
 0.09075316798685246, 0.29999939999999997,13.434513796529567, 44.00594900985162, 38.96412676239419,0.12371632697955734,274.30861532752147,  34.50168010142495,278309.44118808623,      0.0,278309.44118808623,   1.0
 0.09075316798685246, -0.1188982364407584,14.434513796529567, 44.00594900985162, 38.96412676239419,0.12371632697955734,274.30861532752147,  34.50168010142495,287858.17839349573,      0.0,287858.17839349573,   1.0
 0.09075316798685246, -0.1188982364407584,13.434513796529567, 45.00594900985162, 38.96412676239419,0.12371632697955734,274.30861532752147,  34.50168010142495, 287852.0171552854,      0.0, 287852.0171552854,   1.0
 0.09075316798685246, -0.1188982364407584,13.434513796529567, 44.00594900985162, 39.96412676239419,0.12371632697955734,274.30861532752147,  34.50168010142495,287860.39658533724,      0.0,287860.39658533724,   1.0
 0.09075316798685246, -0.1188982364407584,13.434513796529567, 44.00594900985162, 38.96412676239419,         0.59999942,274.30861532752147,  34.50168010142495, 283286.0041627402,      0.0, 283286.0041627402,   1.0
 0.09075316798685246, -0.1188982364407584,13.434513796529567, 44.00594900985162, 38.96412676239419,0.12371632697955734,275.30861532752147,  34.50168010142495, 287859.2481653776,      0.0, 287859.2481653776,   1.0
 0.09075316798685246, -0.1188982364407584,13.434513796529567, 44.00594900985162, 38.96412676239419,0.12371632697955734,274.30861532752147,  35.50168010142495, 287850.8625975014,      0.0, 287850.8625975014,   1.0
 0.09077095691643626,-0.11891363263602131,13.434215937967357,44.004609550110594, 38.96420340334951,0.12370750965414125, 274.3084951147079, 34.500135108103855,287859.79188412544,      0.0,287859.79188412544,   1.0
-0.29999939999999997,-0.11891363263602131,13.434215937967357,44.004609550110594, 38.96420340334951,0.12370750965414125, 274.3084951147079, 34.500135108103855,280907.06071729417,      0.0,280907.06071729417,   1.0
 0.09077095691643626,           0.2999994,13.434215937967357,44.004609550110594, 38.96420340334951,0.12370750965414125, 274.3084951147079, 34.500135108103855,278307.98046760156,      0.0,278307.98046760156,   1.0
 0.09077095691643626,-0.11891363263602131,14.434215937967357,44.004609550110594, 38.96420340334951,0.12370750965414125, 274.3084951147079, 34.500135108103855,287857.91433509666,      0.0,287857.91433509666,   1.0
 0.09077095691643626,-0.11891363263602131,13.434215937967357,45.004609550110594, 38.96420340334951,0.12370750965414125, 274.3084951147079, 34.500135108103855,287852.01271967706,      0.0,287852.01271967706,   1.0
 0.09077095691643626,-0.11891363263602131,13.434215937967357,44.004609550110594, 39.96420340334951,0.12370750965414125, 274.3084951147079, 34.500135108103855, 287860.5454814389,      0.0, 287860.5454814389,   1.0
 0.09077095691643626,-0.11891363263602131,13.434215937967357,44.004609550110594, 38.96420340334951,         0.59999942, 274.3084951147079, 34.500135108103855,283285.61341426935,      0.0,283285.61341426935,   1.0
 0.09077095691643626,-0.11891363263602131,13.434215937967357,44.004609550110594, 38.96420340334951,0.12370750965414125, 275.3084951147079, 34.500135108103855, 287858.9680220131,      0.0, 287858.9680220131,   1.0
 0.09077095691643626,-0.11891363263602131,13.434215937967357,44.004609550110594, 38.96420340334951,0.12370750965414125, 274.3084951147079, 35.500135108103855,287850.57651441905,      0.0,287850.57651441905,   1.0
  0.0907559843654781,-0.11890067399693909,13.434466638971035, 44.00573694392788, 38.96413889634229,0.12371493100310355, 274.3085962951903,  34.50143549501703,287859.70535606233,      0.0,287859.70535606233,   1.0
-0.29999939999999997,-0.11890067399693909,13.434466638971035, 44.00573694392788, 38.96413889634229,0.12371493100310355, 274.3085962951903,  34.50143549501703, 280907.3188457283,      0.0, 280907.3188457283,   1.0
  0.0907559843654781, 0.29999939999999997,13.434466638971035, 44.00573694392788, 38.96413889634229,0.12371493100310355, 274.3085962951903,  34.50143549501703,278309.43415003567,      0.0,278309.43415003567,   1.0
  0.0907559843654781,-0.11890067399693909,14.434466638971035, 44.00573694392788, 38.96413889634229,0.12371493100310355, 274.3085962951903,  34.50143549501703, 287857.9243367083,      0.0, 287857.9243367083,   1.0
  0.0907559843654781,-0.11890067399693909,13.434466638971035, 45.00573694392788, 38.96413889634229,0.12371493100310355, 274.3085962951903,  34.50143549501703, 287852.0160392252,      0.0, 287852.0160392252,   1.0
  0.0907559843654781,-0.11890067399693909,13.434466638971035, 44.00573694392788, 39.96413889634229,0.12371493100310355, 274.3085962951903,  34.50143549501703, 287860.4114559643,      0.0, 287860.4114559643,   1.0
  0.0907559843654781,-0.11890067399693909,13.434466638971035, 44.00573694392788, 38.96413889634229,         0.59999942, 274.3085962951903,  34.50143549501703,283286.11483817606,      0.0,283286.11483817606,   1.0
  0.0907559843654781,-0.11890067399693909,13.434466638971035, 44.00573694392788, 38.96413889634229,0.12371493100310355, 275.3085962951903,  34.50143549501703,287858.96851720655,      0.0,287858.96851720655,   1.0
  0.0907559843654781,-0.11890067399693909,13.434466638971035, 44.00573694392788, 38.96413889634229,0.12371493100310355, 274.3085962951903,  35.50143549501703, 287850.5841138953,      0.0, 287850.5841138953,   1.0
 0.09075331890557907, -0.1188983670598703,13.434511269540256, 44.00593764606733, 38.96412741260506,0.12371625217463343,274.30861430765316,  34.50166699392326,287859.98687560076,      0.0,287859.98687560076,   1.0
-0.29999939999999997, -0.1188983670598703,13.434511269540256, 44.00593764606733, 38.96412741260506,0.12371625217463343,274.30861430765316,  34.50166699392326,280907.07178686344,      0.0,280907.07178686344,   1.0
 0.09075331890557907, 0.29999939999999997,13.434511269540256, 44.00593764606733, 38.96412741260506,0.12371625217463343,274.30861430765316,  34.50166699392326,278309.44166988437,      0.0,278309.44166988437,   1.0
 0.09075331890557907, -0.1188983670598703,14.434511269540256, 44.00593764606733, 38.96412741260506,0.12371625217463343,274.30861430765316,  34.50166699392326,287858.17839349573,      0.0,287858.17839349573,   1.0
 0.09075331890557907, -0.1188983670598703,13.434511269540256, 45.00593764606733, 38.96412741260506,0.12371625217463343,274.30861430765316,  34.50166699392326, 287852.0171552854,      0.0, 287852.0171552854,   1.0
 0.09075331890557907, -0.1188983670598703,13.434511269540256, 44.00593764606733, 39.96412741260506,0.12371625217463343,274.30861430765316,  34.50166699392326,287860.39658533724,      0.0,287860.39658533724,   1.0
 0.09075331890557907, -0.1188983670598703,13.434511269540256, 44.00593764606733, 38.96412741260506,         0.59999942,274.30861430765316,  34.50166699392326, 283286.0041627402,      0.0, 283286.0041627402,   1.0
 0.09075331890557907, -0.1188983670598703,13.434511269540256, 44.00593764606733, 38.96412741260506,0.12371625217463343,275.30861430765316,  34.50166699392326, 287859.2481653776,      0.0, 287859.2481653776,   1.0
 0.09075331890557907, -0.1188983670598703,13.434511269540256, 44.00593764606733, 38.96412741260506,0.12371625217463343,274.30861430765316,  35.50166699392326, 287850.8625975014,      0.0, 287850.8625975014,   1.0
 0.09075507810911243, -0.1188998896383357,13.434481813364568,44.005805182655294, 38.96413499187163,0.12371538020142371, 274.3086024194277,  34.50151420464515,287859.70535606233,      0.0,287859.70535606233,   1.0
-0.29999939999999997, -0.1188998896383357,13.434481813364568,44.005805182655294, 38.96413499187163,0.12371538020142371, 274.3086024194277,  34.50151420464515, 280907.3176785968,      0.0, 280907.3176785968,   1.0
 0.09075507810911243, 0.29999939999999997,13.434481813364568,44.005805182655294, 38.96413499187163,0.12371538020142371, 274.3086024194277,  34.50151420464515,278309.43415003567,      0.0,278309.43415003567,   1.0
 0.09075507810911243, -0.1188998896383357,14.434481813364568,44.005805182655294, 38.96413499187163,0.12371538020142371, 274.3086024194277,  34.50151420464515, 287857.9251209738,      0.0, 287857.9251209738,   1.0
 0.09075507810911243, -0.1188998896383357,13.434481813364568,45.005805182655294, 38.96413499187163,0.12371538020142371, 274.3086024194277,  34.50151420464515, 287852.0163713707,      0.0, 287852.0163713707,   1.0
 0.09075507810911243, -0.1188998896383357,13.434481813364568,44.005805182655294, 39.96413499187163,0.12371538020142371, 274.3086024194277,  34.50151420464515, 287860.4114559643,      0.0, 287860.4114559643,   1.0
 0.09075507810911243, -0.1188998896383357,13.434481813364568,44.005805182655294, 38.96413499187163,         0.59999942, 274.3086024194277,  34.50151420464515,283286.11483817606,      0.0,283286.11483817606,   1.0
 0.09075507810911243, -0.1188998896383357,13.434481813364568,44.005805182655294, 38.96413499187163,0.12371538020142371, 275.3086024194277,  34.50151420464515,287858.96620572294,      0.0,287858.96620572294,   1.0
 0.09075507810911243, -0.1188998896383357,13.434481813364568,44.005805182655294, 38.96413499187163,0.12371538020142371, 274.3086024194277,  35.50151420464515, 287850.5841138953,      0.0, 287850.5841138953,   1.0
 0.09075338424513302,-0.11889842361080138,  13.4345101754921, 44.00593272617029,  38.9641276941108,0.12371621978819292,  274.308613866106,  34.50166131909195,287859.98687560076,      0.0,287859.98687560076,   1.0
-0.29999939999999997,-0.11889842361080138,  13.4345101754921, 44.00593272617029,  38.9641276941108,0.12371621978819292,  274.308613866106,  34.50166131909195,280907.07178686344,      0.0,280907.07178686344,   1.0
 0.09075338424513302, 0.29999939999999997,  13.4345101754921, 44.00593272617029,  38.9641276941108,0.12371621978819292,  274.308613866106,  34.50166131909195,278309.44166988437,      0.0,278309.44166988437,   1.0
 0.09075338424513302,-0.11889842361080138,  14.4345101754921, 44.00593272617029,  38.9641276941108,0.12371621978819292,  274.308613866106,  34.50166131909195,287858.17839349573,      0.0,287858.17839349573,   1.0
 0.09075338424513302,-0.11889842361080138,  13.4345101754921, 45.00593272617029,  38.9641276941108,0.12371621978819292,  274.308613866106,  34.50166131909195, 287852.0171552854,      0.0, 287852.0171552854,   1.0
 0.09075338424513302,-0.11889842361080138,  13.4345101754921, 44.00593272617029,  39.9641276941108,0.12371621978819292,  274.308613866106,  34.50166131909195,287860.39658533724,      0.0,287860.39658533724,   1.0
 0.09075338424513302,-0.11889842361080138,  13.4345101754921, 44.00593272617029,  38.9641276941108,         0.59999942,  274.308613866106,  34.50166131909195, 283286.0041627402,      0.0, 283286.0041627402,   1.0
 0.09075338424513302,-0.11889842361080138,  13.4345101754921, 44.00593272617029,  38.9641276941108,0.12371621978819292,  275.308613866106,  34.50166131909195, 287859.2481653776,      0.0, 287859.2481653776,   1.0
 0.09075338424513302,-0.11889842361080138,  13.4345101754921, 44.00593272617029,  38.9641276941108,0.12371621978819292,  274.308613866106,  35.50166131909195, 287850.8625975014,      0.0, 287850.8625975014,   1.0
 0.29999939999999997,-0.29999939999999997,    9.817545965839,28.066492097227417,39.783547166963146,         0.02000058, 272.8311934199247, 16.253105122347836, 284005.6376187983,      0.0, 284005.6376187983,   1.0
-0.29999939999999997,-0.29999939999999997,    9.817545965839,28.066492097227417,39.783547166963146,         0.02000058, 272.8311934199247, 16.253105122347836,  274932.619464812,      0.0,  274932.619464812,   1.0
 0.29999939999999997, 0.29999939999999997,    9.817545965839,28.066492097227417,39.783547166963146,         0.02000058, 272.8311934199247, 16.253105122347836, 272390.4840980498,      0.0, 272390.4840980498,   1.0
 0.29999939999999997,-0.29999939999999997,   10.817545965839,28.066492097227417,39.783547166963146,         0.02000058, 272.8311934199247, 16.253105122347836, 284001.9728008641,      0.0, 284001.9728008641,   1.0
 0.29999939999999997,-0.29999939999999997,    9.817545965839,29.066492097227417,39.783547166963146,         0.02000058, 272.8311934199247, 16.253105122347836,284226.13230885065,      0.0,284226.13230885065,   1.0
 0.29999939999999997,-0.29999939999999997,    9.817545965839,28.066492097227417,40.783547166963146,         0.02000058, 272.8311934199247, 16.253105122347836, 284001.2119859789,      0.0, 284001.2119859789,   1.0
 0.29999939999999997,-0.29999939999999997,    9.817545965839,28.066492097227417,39.783547166963146,         0.59999942, 272.8311934199247, 16.253105122347836, 277308.1878037787,      0.0, 277308.1878037787,   1.0
 0.29999939999999997,-0.29999939999999997,    9.817545965839,28.066492097227417,39.783547166963146,         0.02000058, 273.8311934199247, 16.253105122347836, 284033.2786723246,      0.0, 284033.2786723246,   1.0
 0.29999939999999997,-0.29999939999999997,    9.817545965839,28.066492097227417,39.783547166963146,         0.02000058, 272.8311934199247, 17.253105122347836,284089.12062688963,      0.0,284089.12062688963,   1.0
 0.12517454590449953,-0.14868970046007984,12.839516242979355, 41.38388011183775, 39.09892294954317,0.10665490184206625,274.06557684657946,  31.49975707431039,287745.19836403546,      0.0,287745.19836403546,   1.0
          -0.2999994,-0.14868970046007984,12.839516242979355, 41.38388011183775, 39.09892294954317,0.10665490184206625,274.06557684657946,  31.49975707431039,279772.58788154606,      0.0,279772.58788154606,   1.0
 0.12517454590449953, 0.29999939999999997,12.839516242979355, 41.38388011183775, 39.09892294954317,0.10665490184206625,274.06557684657946,  31.49975707431039, 277224.7019003268,      0.0, 277224.7019003268,   1.0
 0.12517454590449953,-0.14868970046007984,13.839516242979355, 41.38388011183775, 39.09892294954317,0.10665490184206625,274.06557684657946,  31.49975707431039, 287741.6364248751,      0.0, 287741.6364248751,   1.0
 0.12517454590449953,-0.14868970046007984,12.839516242979355, 42.38388011183775, 39.09892294954317,0.10665490184206625,274.06557684657946,  31.49975707431039, 287750.0087193409,      0.0, 287750.0087193409,   1.0
 0.12517454590449953,-0.14868970046007984,12.839516242979355, 41.38388011183775, 40.09892294954317,0.10665490184206625,274.06557684657946,  31.49975707431039,  287745.483108601,      0.0,  287745.483108601,   1.0
 0.12517454590449953,-0.14868970046007984,12.839516242979355, 41.38388011183775, 39.09892294954317,         0.59999942,274.06557684657946,  31.49975707431039, 282554.2212012997,      0.0, 282554.2212012997,   1.0
 0.12517454590449953,-0.14868970046007984,12.839516242979355, 41.38388011183775, 39.09892294954317,0.10665490184206625,275.06557684657946,  31.49975707431039,  287748.795850531,      0.0,  287748.795850531,   1.0
 0.12517454590449953,-0.14868970046007984,12.839516242979355, 41.38388011183775, 39.09892294954317,0.10665490184206625,274.06557684657946, 32.499757074310395,287744.12905800395,      0.0,287744.12905800395,   1.0
 0.09733065890760884,-0.12459100924526215,13.320817367696405, 43.50490488769712, 38.98988468125002,0.12045610395171978, 274.2621737939668, 33.928050558253275,287845.36759749585,      0.0,287845.36759749585,   1.0
-0.29999939999999997,-0.12459100924526215,13.320817367696405, 43.50490488769712, 38.98988468125002,0.12045610395171978, 274.2621737939668, 33.928050558253275,280717.88721553417,      0.0,280717.88721553417,   1.0
 0.09733065890760884,           0.2999994,13.320817367696405, 43.50490488769712, 38.98988468125002,0.12045610395171978, 274.2621737939668, 33.928050558253275, 278118.5599393075,      0.0, 278118.5599393075,   1.0
 0.09733065890760884,-0.12459100924526215,14.320817367696405, 43.50490488769712, 38.98988468125002,0.12045610395171978, 274.2621737939668, 33.928050558253275, 287843.4840692936,      0.0, 287843.4840692936,   1.0
 0.09733065890760884,-0.12459100924526215,13.320817367696405, 44.50490488769712, 38.98988468125002,0.12045610395171978, 274.2621737939668, 33.928050558253275, 287840.1906022562,      0.0, 287840.1906022562,   1.0
 0.09733065890760884,-0.12459100924526215,13.320817367696405, 43.50490488769712, 39.98988468125002,0.12045610395171978, 274.2621737939668, 33.928050558253275,  287844.720160484,      0.0,  287844.720160484,   1.0
 0.09733065890760884,-0.12459100924526215,13.320817367696405, 43.50490488769712, 38.98988468125002,         0.59999942, 274.2621737939668, 33.928050558253275,283154.67691606644,      0.0,283154.67691606644,   1.0
 0.09733065890760884,-0.12459100924526215,13.320817367696405, 43.50490488769712, 38.98988468125002,0.12045610395171978, 275.2621737939668, 33.928050558253275,287845.78982111416,      0.0,287845.78982111416,   1.0
 0.09733065890760884,-0.12459100924526215,13.320817367696405, 43.50490488769712, 38.98988468125002,0.12045610395171978, 274.2621737939668, 34.928050558253275, 287838.6074674259,      0.0, 287838.6074674259,   1.0
 0.09205472388609355,-0.12002472405070087,13.412015606651797,  43.9068023992661, 38.96922381524243,0.12307119305754263, 274.2994255153217,  34.38817017574354, 287858.3955326495,      0.0, 287858.3955326495,   1.0
-0.29999939999999997,-0.12002472405070087,13.412015606651797,  43.9068023992661, 38.96922381524243,0.12307119305754263, 274.2994255153217,  34.38817017574354,  280873.952383152,      0.0,  280873.952383152,   1.0
 0.09205472388609355, 0.29999939999999997,13.412015606651797,  43.9068023992661, 38.96922381524243,0.12307119305754263, 274.2994255153217,  34.38817017574354,278259.64763798186,      0.0,278259.64763798186,   1.0
 0.09205472388609355,-0.12002472405070087,14.412015606651797,  43.9068023992661, 38.96922381524243,0.12307119305754263, 274.2994255153217,  34.38817017574354, 287856.0486164834,      0.0, 287856.0486164834,   1.0
 0.09205472388609355,-0.12002472405070087,13.412015606651797,  44.9068023992661, 38.96922381524243,0.12307119305754263, 274.2994255153217,  34.38817017574354, 287849.1534758554,      0.0, 287849.1534758554,   1.0
 0.09205472388609355,-0.12002472405070087,13.412015606651797,  43.9068023992661, 39.96922381524243,0.12307119305754263, 274.2994255153217,  34.38817017574354, 287859.3018698804,      0.0, 287859.3018698804,   1.0
 0.09205472388609355,-0.12002472405070087,13.412015606651797,  43.9068023992661, 38.96922381524243,         0.59999942, 274.2994255153217,  34.38817017574354, 283262.1933099653,      0.0, 283262.1933099653,   1.0
 0.09205472388609355,-0.12002472405070087,13.412015606651797,  43.9068023992661, 38.96922381524243,0.12307119305754263, 275.2994255153217,  34.38817017574354,287857.67974051397,      0.0,287857.67974051397,   1.0
 0.09205472388609355,-0.12002472405070087,13.412015606651797,  43.9068023992661, 38.96922381524243,0.12307119305754263, 274.2994255153217,  35.38817017574354,287849.74002432846,      0.0,287849.74002432846,   1.0
 0.09101795678266146,-0.11912740930832741, 13.42993685353113,43.985778754593966,  38.9651637754357,0.12358508080377233, 274.3067458024536, 34.478587681098006, 287858.9227694452,      0.0, 287858.9227694452,   1.0
-0.29999939999999997,-0.11912740930832741, 13.42993685353113,43.985778754593966,  38.9651637754357,0.12358508080377233, 274.3067458024536, 34.478587681098006, 280906.0781325593,      0.0, 280906.0781325593,   1.0
 0.09101795678266146,  0.2999993999999999, 13.42993685353113,43.985778754593966,  38.9651637754357,0.12358508080377233, 274.3067458024536, 34.478587681098006,278301.69912781153,      0.0,278301.69912781153,   1.0
 0.09101795678266146,-0.11912740930832741, 14.42993685353113,43.985778754593966,  38.9651637754357,0.12358508080377233, 274.3067458024536, 34.478587681098006,287857.02719194815,      0.0,287857.02719194815,   1.0
 0.09101795678266146,-0.11912740930832741, 13.42993685353113,44.985778754593966,  38.9651637754357,0.12358508080377233, 274.3067458024536, 34.478587681098006, 287850.7997436739,      0.0, 287850.7997436739,   1.0
 0.09101795678266146,-0.11912740930832741, 13.42993685353113,43.985778754593966,  39.9651637754357,0.12358508080377233, 274.3067458024536, 34.478587681098006, 287859.8901113954,      0.0, 287859.8901113954,   1.0
 0.09101795678266146,-0.11912740930832741, 13.42993685353113,43.985778754593966,  38.9651637754357,         0.59999942, 274.3067458024536, 34.478587681098006,283285.23285196035,      0.0,283285.23285196035,   1.0
 0.09101795678266146,-0.11912740930832741, 13.42993685353113,43.985778754593966,  38.9651637754357,0.12358508080377233, 275.3067458024536, 34.478587681098006, 287858.7479398603,      0.0, 287858.7479398603,   1.0
 0.09101795678266146,-0.11912740930832741, 13.42993685353113,43.985778754593966,  38.9651637754357,0.12358508080377233, 274.3067458024536, 35.478587681098006, 287849.9021470339,      0.0, 287849.9021470339,   1.0
 0.09080311544099552,-0.11894146561614238, 13.43365053687538, 44.00214442252687, 38.96432244434368,0.12369156984311414,274.30826272973997,  34.49732421131404,  287858.956605833,      0.0,  287858.956605833,   1.0
-0.29999939999999997,-0.11894146561614238, 13.43365053687538, 44.00214442252687, 38.96432244434368,0.12369156984311414,274.30826272973997,  34.49732421131404, 280906.9781861318,      0.0, 280906.9781861318,   1.0
 0.09080311544099552, 0.29999939999999997, 13.43365053687538, 44.00214442252687, 38.96432244434368,0.12369156984311414,274.30826272973997,  34.49732421131404, 278306.1897486706,      0.0, 278306.1897486706,   1.0
 0.09080311544099552,-0.11894146561614238, 14.43365053687538, 44.00214442252687, 38.96432244434368,0.12369156984311414,274.30826272973997,  34.49732421131404, 287857.1038148803,      0.0, 287857.1038148803,   1.0
 0.09080311544099552,-0.11894146561614238, 13.43365053687538, 45.00214442252687, 38.96432244434368,0.12369156984311414,274.30826272973997,  34.49732421131404, 287852.0730411826,      0.0, 287852.0730411826,   1.0
 0.09080311544099552,-0.11894146561614238, 13.43365053687538, 44.00214442252687, 39.96432244434368,0.12369156984311414,274.30826272973997,  34.49732421131404, 287860.5737208031,      0.0, 287860.5737208031,   1.0
 0.09080311544099552,-0.11894146561614238, 13.43365053687538, 44.00214442252687, 38.96432244434368,         0.59999942,274.30826272973997,  34.49732421131404, 283285.9868455261,      0.0, 283285.9868455261,   1.0
 0.09080311544099552,-0.11894146561614238, 13.43365053687538, 44.00214442252687, 38.96432244434368,0.12369156984311414,275.30826272973997,  34.49732421131404,287858.57575264137,      0.0,287858.57575264137,   1.0
 0.09080311544099552,-0.11894146561614238, 13.43365053687538, 44.00214442252687, 38.96432244434368,0.12369156984311414,274.30826272973997,  35.49732421131404,287849.71513803216,      0.0,287849.71513803216,   1.0
 0.09075985117840697,-0.11890402069672884,13.434398390012632, 44.00544010365321, 38.96415301899469,0.12371301436456965,274.30856820511974,  34.50109733131496, 287859.8297350156,      0.0, 287859.8297350156,   1.0
-0.29999939999999997,-0.11890402069672884,13.434398390012632, 44.00544010365321, 38.96415301899469,0.12371301436456965,274.30856820511974,  34.50109733131496, 280907.2850491651,      0.0, 280907.2850491651,   1.0
 0.09075985117840697, 0.29999939999999997,13.434398390012632, 44.00544010365321, 38.96415301899469,0.12371301436456965,274.30856820511974,  34.50109733131496,278309.20806962124,      0.0,278309.20806962124,   1.0
 0.09075985117840697,-0.11890402069672884,14.434398390012632, 44.00544010365321, 38.96415301899469,0.12371301436456965,274.30856820511974,  34.50109733131496, 287857.9272021125,      0.0, 287857.9272021125,   1.0
 0.09075985117840697,-0.11890402069672884,13.434398390012632, 45.00544010365321, 38.96415301899469,0.12371301436456965,274.30856820511974,  34.50109733131496,287851.98154423217,      0.0,287851.98154423217,   1.0
 0.09075985117840697,-0.11890402069672884,13.434398390012632, 44.00544010365321, 39.96415301899469,0.12371301436456965,274.30856820511974,  34.50109733131496,287860.53872169415,      0.0,287860.53872169415,   1.0
 0.09075985117840697,-0.11890402069672884,13.434398390012632, 44.00544010365321, 38.96415301899469,         0.59999942,274.30856820511974,  34.50109733131496,283286.18502048485,      0.0,283286.18502048485,   1.0
 0.09075985117840697,-0.11890402069672884,13.434398390012632, 44.00544010365321, 38.96415301899469,0.12371301436456965,275.30856820511974,  34.50109733131496,287858.96865938616,      0.0,287858.96865938616,   1.0
 0.09075985117840697,-0.11890402069672884,13.434398390012632, 44.00544010365321, 38.96415301899469,0.12371301436456965,274.30856820511974,  35.50109733131496, 287850.5838660283,      0.0, 287850.5838660283,   1.0
 0.09075417334375102,-0.11889910657018617, 13.43449653536878,44.005872616110246, 38.96413078426652,0.12371582866070728, 274.3086082945283,  34.50159250100515, 287859.7051937242,      0.0, 287859.7051937242,   1.0
-0.29999939999999997,-0.11889910657018617, 13.43449653536878,44.005872616110246, 38.96413078426652,0.12371582866070728, 274.3086082945283,  34.50159250100515, 280907.3200966386,      0.0, 280907.3200966386,   1.0
 0.09075417334375102, 0.29999939999999997, 13.43449653536878,44.005872616110246, 38.96413078426652,0.12371582866070728, 274.3086082945283,  34.50159250100515,278309.43388306064,      0.0,278309.43388306064,   1.0
 0.09075417334375102,-0.11889910657018617, 14.43449653536878,44.005872616110246, 38.96413078426652,0.12371582866070728, 274.3086082945283,  34.50159250100515, 287857.8631059123,      0.0, 287857.8631059123,   1.0
 0.09075417334375102,-0.11889910657018617, 13.43449653536878,45.005872616110246, 38.96413078426652,0.12371582866070728, 274.3086082945283,  34.50159250100515, 287852.0163713707,      0.0, 287852.0163713707,   1.0
 0.09075417334375102,-0.11889910657018617, 13.43449653536878,44.005872616110246, 39.96413078426652,0.12371582866070728, 274.3086082945283,  34.50159250100515, 287860.4112952819,      0.0, 287860.4112952819,   1.0
 0.09075417334375102,-0.11889910657018617, 13.43449653536878,44.005872616110246, 38.96413078426652,         0.59999942, 274.3086082945283,  34.50159250100515, 283286.1155072519,      0.0, 283286.1155072519,   1.0
 0.09075417334375102,-0.11889910657018617, 13.43449653536878,44.005872616110246, 38.96413078426652,0.12371582866070728, 275.3086082945283,  34.50159250100515,287858.96672112163,      0.0,287858.96672112163,   1.0
 0.09075417334375102,-0.11889910657018617, 13.43449653536878,44.005872616110246, 38.96413078426652,0.12371582866070728, 274.3086082945283,  35.50159250100515, 287850.5847858058,      0.0, 287850.5847858058,   1.0
 0.09075339886862686,-0.11889843626733396,13.434509922714748, 44.00593161221689, 38.96412775137725,0.12371621253985887,274.30861376285407,  34.50166004376229,287859.98687560076,      0.0,287859.98687560076,   1.0
-0.29999939999999997,-0.11889843626733396,13.434509922714748, 44.00593161221689, 38.96412775137725,0.12371621253985887,274.30861376285407,  34.50166004376229,280907.07178686344,      0.0,280907.07178686344,   1.0
 0.09075339886862686,  0.2999993999999999,13.434509922714748, 44.00593161221689, 38.96412775137725,0.12371621253985887,274.30861376285407,  34.50166004376229,278309.44166988437,      0.0,278309.44166988437,   1.0
 0.09075339886862686,-0.11889843626733396,14.434509922714748, 44.00593161221689, 38.96412775137725,0.12371621253985887,274.30861376285407,  34.50166004376229,287858.17839349573,      0.0,287858.17839349573,   1.0
 0.09075339886862686,-0.11889843626733396,13.434509922714748, 45.00593161221689, 38.96412775137725,0.12371621253985887,274.30861376285407,  34.50166004376229, 287852.0171552854,      0.0, 287852.0171552854,   1.0
 0.09075339886862686,-0.11889843626733396,13.434509922714748, 44.00593161221689, 39.96412775137725,0.12371621253985887,274.30861376285407,  34.50166004376229,287860.39658533724,      0.0,287860.39658533724,   1.0
 0.09075339886862686,-0.11889843626733396,13.434509922714748, 44.00593161221689, 38.96412775137725,         0.59999942,274.30861376285407,  34.50166004376229, 283286.0041627402,      0.0, 283286.0041627402,   1.0
 0.09075339886862686,-0.11889843626733396,13.434509922714748, 44.00593161221689, 38.96412775137725,0.12371621253985887,275.30861376285407,  34.50166004376229, 287859.2481653776,      0.0, 287859.2481653776,   1.0
 0.09075339886862686,-0.11889843626733396,13.434509922714748, 44.00593161221689, 38.96412775137725,0.12371621253985887,274.30861376285407,  35.50166004376229, 287850.8625975014,      0.0, 287850.8625975014,   1.0
 0.09075338733122143,-0.11889842628178952,13.434510122146897, 44.00593249108566,  38.9641277061961,0.12371621825853113, 274.3086138443161,  34.50166104995107,287859.98687560076,      0.0,287859.98687560076,   1.0
          -0.2999994,-0.11889842628178952,13.434510122146897, 44.00593249108566,  38.9641277061961,0.12371621825853113, 274.3086138443161,  34.50166104995107,280907.07178686344,      0.0,280907.07178686344,   1.0
 0.09075338733122143, 0.29999939999999997,13.434510122146897, 44.00593249108566,  38.9641277061961,0.12371621825853113, 274.3086138443161,  34.50166104995107,278309.44166988437,      0.0,278309.44166988437,   1.0
 0.09075338733122143,-0.11889842628178952,14.434510122146897, 44.00593249108566,  38.9641277061961,0.12371621825853113, 274.3086138443161,  34.50166104995107,287858.17839349573,      0.0,287858.17839349573,   1.0
 0.09075338733122143,-0.11889842628178952,13.434510122146897, 45.00593249108566,  38.9641277061961,0.12371621825853113, 274.3086138443161,  34.50166104995107, 287852.0171552854,      0.0, 287852.0171552854,   1.0
 0.09075338733122143,-0.11889842628178952,13.434510122146897, 44.00593249108566,  39.9641277061961,0.12371621825853113, 274.3086138443161,  34.50166104995107,287860.39658533724,      0.0,287860.39658533724,   1.0
 0.09075338733122143,-0.11889842628178952,13.434510122146897, 44.00593249108566,  38.9641277061961,         0.59999942, 274.3086138443161,  34.50166104995107, 283286.0041627402,      0.0, 283286.0041627402,   1.0
 0.09075338733122143,-0.11889842628178952,13.434510122146897, 44.00593249108566,  38.9641277061961,0.12371621825853113, 275.3086138443161,  34.50166104995107, 287859.2481653776,      0.0, 287859.2481653776,   1.0
 0.09075338733122143,-0.11889842628178952,13.434510122146897, 44.00593249108566,  38.9641277061961,0.12371621825853113, 274.3086138443161,  35.50166104995107, 287850.8625975014,      0.0, 287850.8625975014,   1.0
 0.09075338489640994,-0.11889842417447705,13.434510164234322,44.005932676558885, 38.96412769666124,0.12371621946537863, 274.3086138615075,  34.50166126229343,287859.98687560076,      0.0,287859.98687560076,   1.0
-0.29999939999999997,-0.11889842417447705,13.434510164234322,44.005932676558885, 38.96412769666124,0.12371621946537863, 274.3086138615075,  34.50166126229343,280907.07178686344,      0.0,280907.07178686344,   1.0
 0.09075338489640994, 0.29999939999999997,13.434510164234322,44.005932676558885, 38.96412769666124,0.12371621946537863, 274.3086138615075,  34.50166126229343,278309.44166988437,      0.0,278309.44166988437,   1.0
 0.09075338489640994,-0.11889842417447705,14.434510164234322,44.005932676558885, 38.96412769666124,0.12371621946537863, 274.3086138615075,  34.50166126229343,287858.17839349573,      0.0,287858.17839349573,   1.0
 0.09075338489640994,-0.11889842417447705,13.434510164234322,45.005932676558885, 38.96412769666124,0.12371621946537863, 274.3086138615075,  34.50166126229343, 287852.0171552854,      0.0, 287852.0171552854,   1.0
 0.09075338489640994,-0.11889842417447705,13.434510164234322,44.005932676558885, 39.96412769666124,0.12371621946537863, 274.3086138615075,  34.50166126229343,287860.39658533724,      0.0,287860.39658533724,   1.0
 0.09075338489640994,-0.11889842417447705,13.434510164234322,44.005932676558885, 38.96412769666124,         0.59999942, 274.3086138615075,  34.50166126229343, 283286.0041627402,      0.0, 283286.0041627402,   1.0
 0.09075338489640994,-0.11889842417447705,13.434510164234322,44.005932676558885, 38.96412769666124,0.12371621946537863, 275.3086138615075,  34.50166126229343, 287859.2481653776,      0.0, 287859.2481653776,   1.0
 0.09075338489640994,-0.11889842417447705,13.434510164234322,44.005932676558885, 38.96412769666124,0.12371621946537863, 274.3086138615075,  35.50166126229343, 287850.8625975014,      0.0, 287850.8625975014,   1.0
 0.09075338438257621,-0.11889842372975752,13.434510173116298,44.005932715700474, 38.96412769464904,0.12371621972006733,274.30861386513556, 34.501661307105394,287859.98687560076,      0.0,287859.98687560076,   1.0
          -0.2999994,-0.11889842372975752,13.434510173116298,44.005932715700474, 38.96412769464904,0.12371621972006733,274.30861386513556, 34.501661307105394,280907.07178686344,      0.0,280907.07178686344,   1.0
 0.09075338438257621, 0.29999939999999997,13.434510173116298,44.005932715700474, 38.96412769464904,0.12371621972006733,274.30861386513556, 34.501661307105394,278309.44166988437,      0.0,278309.44166988437,   1.0
 0.09075338438257621,-0.11889842372975752,14.434510173116298,44.005932715700474, 38.96412769464904,0.12371621972006733,274.30861386513556, 34.501661307105394,287858.17839349573,      0.0,287858.17839349573,   1.0
 0.09075338438257621,-0.11889842372975752,13.434510173116298,45.005932715700474, 38.96412769464904,0.12371621972006733,274.30861386513556, 34.501661307105394, 287852.0171552854,      0.0, 287852.0171552854,   1.0
 0.09075338438257621,-0.11889842372975752,13.434510173116298,44.005932715700474, 39.96412769464904,0.12371621972006733,274.30861386513556, 34.501661307105394,287860.39658533724,      0.0,287860.39658533724,   1.0
 0.09075338438257621,-0.11889842372975752,13.434510173116298,44.005932715700474, 38.96412769464904,         0.59999942,274.30861386513556, 34.501661307105394, 283286.0041627402,      0.0, 283286.0041627402,   1.0
 0.09075338438257621,-0.11889842372975752,13.434510173116298,44.005932715700474, 38.96412769464904,0.12371621972006733,275.30861386513556, 34.501661307105394, 287859.2481653776,      0.0, 287859.2481653776,   1.0
 0.09075338438257621,-0.11889842372975752,13.434510173116298,44.005932715700474, 38.96412769464904,0.12371621972006733,274.30861386513556, 35.501661307105394, 287850.8625975014,      0.0, 287850.8625975014,   1.0
 0.09075338427413862,-0.11889842363590554,13.434510174990718,44.005932723960775, 38.96412769422439,0.12371621977381589, 274.3086138659012,  34.50166131656234,287859.98687560076,      0.0,287859.98687560076,   1.0
          -0.2999994,-0.11889842363590554,13.434510174990718,44.005932723960775, 38.96412769422439,0.12371621977381589, 274.3086138659012,  34.50166131656234,280907.07178686344,      0.0,280907.07178686344,   1.0
 0.09075338427413862, 0.29999939999999997,13.434510174990718,44.005932723960775, 38.96412769422439,0.12371621977381589, 274.3086138659012,  34.50166131656234,278309.44166988437,      0.0,278309.44166988437,   1.0
 0.09075338427413862,-0.11889842363590554,14.434510174990718,44.005932723960775, 38.96412769422439,0.12371621977381589, 274.3086138659012,  34.50166131656234,287858.17839349573,      0.0,287858.17839349573,   1.0
 0.09075338427413862,-0.11889842363590554,13.434510174990718,45.005932723960775, 38.96412769422439,0.12371621977381589, 274.3086138659012,  34.50166131656234, 287852.0171552854,      0.0, 287852.0171552854,   1.0
 0.09075338427413862,-0.11889842363590554,13.434510174990718,44.005932723960775, 39.96412769422439,0.12371621977381589, 274.3086138659012,  34.50166131656234,287860.39658533724,      0.0,287860.39658533724,   1.0
 0.09075338427413862,-0.11889842363590554,13.434510174990718,44.005932723960775, 38.96412769422439,         0.59999942, 274.3086138659012,  34.50166131656234, 283286.0041627402,      0.0, 283286.0041627402,   1.0
 0.09075338427413862,-0.11889842363590554,13.434510174990718,44.005932723960775, 38.96412769422439,0.12371621977381589, 275.3086138659012,  34.50166131656234, 287859.2481653776,      0.0, 287859.2481653776,   1.0
 0.09075338427413862,-0.11889842363590554,13.434510174990718,44.005932723960775, 38.96412769422439,0.12371621977381589, 274.3086138659012,  35.50166131656234, 287850.8625975014,      0.0, 287850.8625975014,   1.0
 0.09075338425125418, -0.1188984236160992,13.434510175386292,44.005932725704014,38.964127694134774,0.12371621978515888, 274.3086138660628,  34.50166131855812,287859.98687560076,      0.0,287859.98687560076,   1.0
-0.29999939999999997, -0.1188984236160992,13.434510175386292,44.005932725704014,38.964127694134774,0.12371621978515888, 274.3086138660628,  34.50166131855812,280907.07178686344,      0.0,280907.07178686344,   1.0
 0.09075338425125418, 0.29999939999999997,13.434510175386292,44.005932725704014,38.964127694134774,0.12371621978515888, 274.3086138660628,  34.50166131855812,278309.44166988437,      0.0,278309.44166988437,   1.0
 0.09075338425125418, -0.1188984236160992,14.434510175386292,44.005932725704014,38.964127694134774,0.12371621978515888, 274.3086138660628,  34.50166131855812,287858.17839349573,      0.0,287858.17839349573,   1.0
 0.09075338425125418, -0.1188984236160992,13.434510175386292,45.005932725704014,38.964127694134774,0.12371621978515888, 274.3086138660628,  34.50166131855812, 287852.0171552854,      0.0, 287852.0171552854,   1.0
 0.09075338425125418, -0.1188984236160992,13.434510175386292,44.005932725704014,39.964127694134774,0.12371621978515888, 274.3086138660628,  34.50166131855812,287860.39658533724,      0.0,287860.39658533724,   1.0
 0.09075338425125418, -0.1188984236160992,13.434510175386292,44.005932725704014,38.964127694134774,         0.59999942, 274.3086138660628,  34.50166131855812, 283286.0041627402,      0.0, 283286.0041627402,   1.0
 0.09075338425125418, -0.1188984236160992,13.434510175386292,44.005932725704014,38.964127694134774,0.12371621978515888, 275.3086138660628,  34.50166131855812, 287859.2481653776,      0.0, 287859.2481653776,   1.0
 0.09075338425125418, -0.1188984236160992,13.434510175386292,44.005932725704014,38.964127694134774,0.12371621978515888, 274.3086138660628,  35.50166131855812, 287850.8625975014,      0.0, 287850.8625975014,   1.0
 0.09075338424642465,-0.11889842361191928,13.434510175469773,44.005932726071904, 38.96412769411586, 0.1237162197875527, 274.3086138660969,  34.50166131897931,287859.98687560076,      0.0,287859.98687560076,   1.0
-0.29999939999999997,-0.11889842361191928,13.434510175469773,44.005932726071904, 38.96412769411586, 0.1237162197875527, 274.3086138660969,  34.50166131897931,280907.07178686344,      0.0,280907.07178686344,   1.0
 0.09075338424642465, 0.29999939999999997,13.434510175469773,44.005932726071904, 38.96412769411586, 0.1237162197875527, 274.3086138660969,  34.50166131897931,278309.44166988437,      0.0,278309.44166988437,   1.0
 0.09075338424642465,-0.11889842361191928,14.434510175469773,44.005932726071904, 38.96412769411586, 0.1237162197875527, 274.3086138660969,  34.50166131897931,287858.17839349573,      0.0,287858.17839349573,   1.0
 0.09075338424642465,-0.11889842361191928,13.434510175469773,45.005932726071904, 38.96412769411586, 0.1237162197875527, 274.3086138660969,  34.50166131897931, 287852.0171552854,      0.0, 287852.0171552854,   1.0
 0.09075338424642465,-0.11889842361191928,13.434510175469773,44.005932726071904, 39.96412769411586, 0.1237162197875527, 274.3086138660969,  34.50166131897931,287860.39658533724,      0.0,287860.39658533724,   1.0
 0.09075338424642465,-0.11889842361191928,13.434510175469773,44.005932726071904, 38.96412769411586,         0.59999942, 274.3086138660969,  34.50166131897931, 283286.0041627402,      0.0, 283286.0041627402,   1.0
 0.09075338424642465,-0.11889842361191928,13.434510175469773,44.005932726071904, 38.96412769411586, 0.1237162197875527, 275.3086138660969,  34.50166131897931, 287859.2481653776,      0.0, 287859.2481653776,   1.0
 0.09075338424642465,-0.11889842361191928,13.434510175469773,44.005932726071904, 38.96412769411586, 0.1237162197875527, 274.3086138660969,  35.50166131897931, 287850.8625975014,      0.0, 287850.8625975014,   1.0
 0.09075338424540559, -0.1188984236110373, 13.43451017548739, 44.00593272614953,38.964127694111866,0.12371621978805782,274.30861386610405, 34.501661319068184,287859.98687560076,      0.0,287859.98687560076,   1.0
-0.29999939999999997, -0.1188984236110373, 13.43451017548739, 44.00593272614953,38.964127694111866,0.12371621978805782,274.30861386610405, 34.501661319068184,280907.07178686344,      0.0,280907.07178686344,   1.0
 0.09075338424540559, 0.29999939999999997, 13.43451017548739, 44.00593272614953,38.964127694111866,0.12371621978805782,274.30861386610405, 34.501661319068184,278309.44166988437,      0.0,278309.44166988437,   1.0
 0.09075338424540559, -0.1188984236110373, 14.43451017548739, 44.00593272614953,38.964127694111866,0.12371621978805782,274.30861386610405, 34.501661319068184,287858.17839349573,      0.0,287858.17839349573,   1.0
 0.09075338424540559, -0.1188984236110373, 13.43451017548739, 45.00593272614953,38.964127694111866,0.12371621978805782,274.30861386610405, 34.501661319068184, 287852.0171552854,      0.0, 287852.0171552854,   1.0
 0.09075338424540559, -0.1188984236110373, 13.43451017548739, 44.00593272614953,39.964127694111866,0.12371621978805782,274.30861386610405, 34.501661319068184,287860.39658533724,      0.0,287860.39658533724,   1.0
 0.09075338424540559, -0.1188984236110373, 13.43451017548739, 44.00593272614953,38.964127694111866,         0.59999942,274.30861386610405, 34.501661319068184, 283286.0041627402,      0.0, 283286.0041627402,   1.0
 0.09075338424540559, -0.1188984236110373, 13.43451017548739, 44.00593272614953,38.964127694111866,0.12371621978805782,275.30861386610405, 34.501661319068184, 287859.2481653776,      0.0, 287859.2481653776,   1.0
 0.09075338424540559, -0.1188984236110373, 13.43451017548739, 44.00593272614953,38.964127694111866,0.12371621978805782,274.30861386610405, 35.501661319068184, 287850.8625975014,      0.0, 287850.8625975014,   1.0
 0.09075338424607816,-0.11889842361161941,13.434510175475763,44.005932726098294,  38.9641276941145,0.12371621978772444,274.30861386609934,  34.50166131900952,287859.98687560076,      0.0,287859.98687560076,   1.0
-0.29999939999999997,-0.11889842361161941,13.434510175475763,44.005932726098294,  38.9641276941145,0.12371621978772444,274.30861386609934,  34.50166131900952,280907.07178686344,      0.0,280907.07178686344,   1.0
 0.09075338424607816, 0.29999939999999997,13.434510175475763,44.005932726098294,  38.9641276941145,0.12371621978772444,274.30861386609934,  34.50166131900952,278309.44166988437,      0.0,278309.44166988437,   1.0
 0.09075338424607816,-0.11889842361161941,14.434510175475763,44.005932726098294,  38.9641276941145,0.12371621978772444,274.30861386609934,  34.50166131900952,287858.17839349573,      0.0,287858.17839349573,   1.0
 0.09075338424607816,-0.11889842361161941,13.434510175475763,45.005932726098294,  38.9641276941145,0.12371621978772444,274.30861386609934,  34.50166131900952, 287852.0171552854,      0.0, 287852.0171552854,   1.0
 0.09075338424607816,-0.11889842361161941,13.434510175475763,44.005932726098294,  39.9641276941145,0.12371621978772444,274.30861386609934,  34.50166131900952,287860.39658533724,      0.0,287860.39658533724,   1.0
 0.09075338424607816,-0.11889842361161941,13.434510175475763,44.005932726098294,  38.9641276941145,         0.59999942,274.30861386609934,  34.50166131900952, 283286.0041627402,      0.0, 283286.0041627402,   1.0
 0.09075338424607816,-0.11889842361161941,13.434510175475763,44.005932726098294,  38.9641276941145,0.12371621978772444,275.30861386609934,  34.50166131900952, 287859.2481653776,      0.0, 287859.2481653776,   1.0
 0.09075338424607816,-0.11889842361161941,13.434510175475763,44.005932726098294,  38.9641276941145,0.12371621978772444,274.30861386609934,  35.50166131900952, 287850.8625975014,      0.0, 287850.8625975014,   1.0
 0.09075338424554734,-0.11889842361115997,13.434510175484938, 44.00593272613873, 38.96412769411242,0.12371621978798755, 274.3086138661031,  34.50166131905582,287859.98687560076,      0.0,287859.98687560076,   1.0
-0.29999939999999997,-0.11889842361115997,13.434510175484938, 44.00593272613873, 38.96412769411242,0.12371621978798755, 274.3086138661031,  34.50166131905582,280907.07178686344,      0.0,280907.07178686344,   1.0
 0.09075338424554734, 0.29999939999999997,13.434510175484938, 44.00593272613873, 38.96412769411242,0.12371621978798755, 274.3086138661031,  34.50166131905582,278309.44166988437,      0.0,278309.44166988437,   1.0
 0.09075338424554734,-0.11889842361115997,14.434510175484938, 44.00593272613873, 38.96412769411242,0.12371621978798755, 274.3086138661031,  34.50166131905582,287858.17839349573,      0.0,287858.17839349573,   1.0
 0.09075338424554734,-0.11889842361115997,13.434510175484938, 45.00593272613873, 38.96412769411242,0.12371621978798755, 274.3086138661031,  34.50166131905582, 287852.0171552854,      0.0, 287852.0171552854,   1.0
 0.09075338424554734,-0.11889842361115997,13.434510175484938, 44.00593272613873, 39.96412769411242,0.12371621978798755, 274.3086138661031,  34.50166131905582,287860.39658533724,      0.0,287860.39658533724,   1.0
 0.09075338424554734,-0.11889842361115997,13.434510175484938, 44.00593272613873, 38.96412769411242,         0.59999942, 274.3086138661031,  34.50166131905582, 283286.0041627402,      0.0, 283286.0041627402,   1.0
 0.09075338424554734,-0.11889842361115997,13.434510175484938, 44.00593272613873, 38.96412769411242,0.12371621978798755, 275.3086138661031,  34.50166131905582, 287859.2481653776,      0.0, 287859.2481653776,   1.0
 0.09075338424554734,-0.11889842361115997,13.434510175484938, 44.00593272613873, 38.96412769411242,0.12371621978798755, 274.3086138661031,  35.50166131905582, 287850.8625975014,      0.0, 287850.8625975014,   1.0
 0.09075338424589768, -0.1188984236114632,13.434510175478882, 44.00593272611204, 38.96412769411379, 0.1237162197878139, 274.3086138661006,  34.50166131902527,287859.98687560076,      0.0,287859.98687560076,   1.0
-0.29999939999999997, -0.1188984236114632,13.434510175478882, 44.00593272611204, 38.96412769411379, 0.1237162197878139, 274.3086138661006,  34.50166131902527,280907.07178686344,      0.0,280907.07178686344,   1.0
 0.09075338424589768, 0.29999939999999997,13.434510175478882, 44.00593272611204, 38.96412769411379, 0.1237162197878139, 274.3086138661006,  34.50166131902527,278309.44166988437,      0.0,278309.44166988437,   1.0
 0.09075338424589768, -0.1188984236114632,14.434510175478882, 44.00593272611204, 38.96412769411379, 0.1237162197878139, 274.3086138661006,  34.50166131902527,287858.17839349573,      0.0,287858.17839349573,   1.0
 0.09075338424589768, -0.1188984236114632,13.434510175478882, 45.00593272611204, 38.96412769411379, 0.1237162197878139, 274.3086138661006,  34.50166131902527, 287852.0171552854,      0.0, 287852.0171552854,   1.0
 0.09075338424589768, -0.1188984236114632,13.434510175478882, 44.00593272611204, 39.96412769411379, 0.1237162197878139, 274.3086138661006,  34.50166131902527,287860.39658533724,      0.0,287860.39658533724,   1.0
 0.09075338424589768, -0.1188984236114632,13.434510175478882, 44.00593272611204, 38.96412769411379,         0.59999942, 274.3086138661006,  34.50166131902527, 283286.0041627402,      0.0, 283286.0041627402,   1.0
 0.09075338424589768, -0.1188984236114632,13.434510175478882, 44.00593272611204, 38.96412769411379, 0.1237162197878139, 275.3086138661006,  34.50166131902527, 287859.2481653776,      0.0, 287859.2481653776,   1.0
 0.09075338424589768, -0.1188984236114632,13.434510175478882, 44.00593272611204, 38.96412769411379, 0.1237162197878139, 274.3086138661006,  35.50166131902527, 287850.8625975014,      0.0, 287850.8625975014,   1.0
 0.09075338424562099,-0.11889842361122373,13.434510175483666,44.005932726133125, 38.96412769411271,0.12371621978795104, 274.3086138661025,   34.5016613190494,287859.98687560076,      0.0,287859.98687560076,   1.0
          -0.2999994,-0.11889842361122373,13.434510175483666,44.005932726133125, 38.96412769411271,0.12371621978795104, 274.3086138661025,   34.5016613190494,280907.07178686344,      0.0,280907.07178686344,   1.0
 0.09075338424562099, 0.29999939999999997,13.434510175483666,44.005932726133125, 38.96412769411271,0.12371621978795104, 274.3086138661025,   34.5016613190494,278309.44166988437,      0.0,278309.44166988437,   1.0
 0.09075338424562099,-0.11889842361122373,14.434510175483666,44.005932726133125, 38.96412769411271,0.12371621978795104, 274.3086138661025,   34.5016613190494,287858.17839349573,      0.0,287858.17839349573,   1.0
 0.09075338424562099,-0.11889842361122373,13.434510175483666,45.005932726133125, 38.96412769411271,0.12371621978795104, 274.3086138661025,   34.5016613190494, 287852.0171552854,      0.0, 287852.0171552854,   1.0
 0.09075338424562099,-0.11889842361122373,13.434510175483666,44.005932726133125, 39.96412769411271,0.12371621978795104, 274.3086138661025,   34.5016613190494,287860.39658533724,      0.0,287860.39658533724,   1.0
 0.09075338424562099,-0.11889842361122373,13.434510175483666,44.005932726133125, 38.96412769411271,         0.59999942, 274.3086138661025,   34.5016613190494, 283286.0041627402,      0.0, 283286.0041627402,   1.0
 0.09075338424562099,-0.11889842361122373,13.434510175483666,44.005932726133125, 38.96412769411271,0.12371621978795104, 275.3086138661025,   34.5016613190494, 287859.2481653776,      0.0, 287859.2481653776,   1.0
 0.09075338424562099,-0.11889842361122373,13.434510175483666,44.005932726133125, 38.96412769411271,0.12371621978795104, 274.3086138661025,   35.5016613190494, 287850.8625975014,      0.0, 287850.8625975014,   1.0
 0.09075338424513302,-0.11889842361080138,  13.4345101754921, 44.00593272617029,  38.9641276941108,0.12371621978819292,  274.308613866106,  34.50166131909195,287859.98687560076,      0.0,287859.98687560076,   1.0
