7.259392313563068615e-07,2.794305949020633466e-07,6.064621944362311894e-05,-2.807035427658446835e-07,-5.231999545647157725e-08,-1.077932570787888101e-06,4.502138815097256683e-06,-3.988575456372408206e-08,-1.519890698493967993e-05,-3.277414931730175657e-06,-1.718600937486310687e-05
2.794305949020632937e-07,4.650710026207902385e-07,9.228499215082831733e-05,-1.071652412529332838e-07,-2.574909965698887074e-10,1.468802881209013630e-06,2.907595577389357606e-06,-6.407339950609206018e-08,-2.302991155409925503e-05,-3.732805237358585799e-06,-7.945040510873106258e-06
6.064621944362311894e-05,9.228499215082831733e-05,3.351037737043011111e-02,-3.060311121845209615e-05,6.116670149689251094e-07,4.180920625465647778e-04,4.216960481355805867e-04,-1.269181098793576168e-05,-4.448918611620242790e-03,-7.899565113570343770e-04,-7.520621218543394005e-04
-2.807035427658446305e-07,-1.071652412529331911e-07,-3.060311121845210293e-05,6.346808283152134179e-05,4.419401838704915732e-06,-1.128096854562195050e-04,6.104880150487543672e-06,3.836471780094409809e-07,3.740212916087856643e-04,5.191695394984456894e-04,-7.705019862996584422e-05
-5.231999545647158386e-08,-2.574909965698955316e-10,6.116670149689255329e-07,4.419401838704916579e-06,1.868047230066122104e-06,6.428668767412468979e-05,-4.425090525680339861e-06,1.546889467227329325e-07,-1.520601723723477501e-05,1.456107782332600851e-05,1.026516912360215774e-04
-1.077932570787888101e-06,1.468802881209013419e-06,4.180920625465647236e-04,-1.128096854562194915e-04,6.428668767412468979e-05,1.146227893937062231e-02,2.804261395697294867e-04,8.124122221075030914e-06,-1.207199673205940939e-02,7.201167486555004691e-04,1.016859982137515057e-02
4.502138815097258377e-06,2.907595577389357606e-06,4.216960481355806409e-04,6.104880150487546213e-06,-4.425090525680341555e-06,2.804261395697295951e-04,1.242597517456236512e-02,7.298494218717797226e-05,-5.119250557753894822e-03,-2.510995884303851631e-04,-2.979436698107250023e-02
-3.988575456372408206e-08,-6.407339950609206018e-08,-1.269181098793577015e-05,3.836471780094409280e-07,1.546889467227328266e-07,8.124122221075030914e-06,7.298494218717798581e-05,4.800356540561411877e-06,1.176453753818889301e-03,3.218653485844024632e-06,-2.095542193397248833e-04
-1.519890698493966976e-05,-2.302991155409925842e-05,-4.448918611620242790e-03,3.740212916087856643e-04,-1.520601723723477501e-05,-1.207199673205940765e-02,-5.119250557753894822e-03,1.176453753818889085e-03,4.094757497053592710e-01,3.912282106577919666e-04,4.379402138298860332e-03
-3.277414931730174810e-06,-3.732805237358584105e-06,-7.899565113570342686e-04,5.191695394984456894e-04,1.456107782332600343e-05,7.201167486555005775e-04,-2.510995884303850005e-04,3.218653485844029291e-06,3.912282106577924545e-04,2.116852619261647486e-02,2.485926440620081068e-03
-1.718600937486311025e-05,-7.945040510873101176e-06,-7.520621218543399426e-04,-7.705019862996584422e-05,1.026516912360215503e-04,1.016859982137515057e-02,-2.979436698107250023e-02,-2.095542193397248562e-04,4.379402138298861200e-03,2.485926440620081068e-03,1.348144315169658713e-01
